순번,공지,링크,작성일
913,"[신규 후원의 집] ""아이시티안과"" 이용 안내  ",https://www.deu.ac.kr/www/boardview/3/1412,2023.05.11
912,"[신규 후원의 집] ""누네빛안과"" 이용 안내",https://www.deu.ac.kr/www/boardview/3/1411,2023.05.10
911,민방위 훈련간 교내차량이동통제  안내(취소)  ,https://www.deu.ac.kr/www/boardview/3/1410,2023.05.09
910,[교육부] '마약류 이용 성범죄' 근절 홍보 콘텐츠 공모전  ,https://www.deu.ac.kr/www/boardview/3/1409,2023.05.04
909,[교육부] 2023 개인정보 위험 대응 공모전  ,https://www.deu.ac.kr/www/boardview/3/1408,2023.05.04
908,"[학생상담센터] 2023학년도 학생상담센터 뉴스레터 Vo.5 ""마음우체통...  ",https://www.deu.ac.kr/www/boardview/3/1407,2023.05.02
907,"[학생상담센터] 2023학년도 학생상담센터 뉴스레터 Vo.5  ""마음우체...",https://www.deu.ac.kr/www/boardview/3/1406,2023.05.02
906,[국토교통부] 청년월세 한시 특별지원 사업 안내,https://www.deu.ac.kr/www/boardview/3/1405,2023.04.26
905,다전공 설명회 개최 안내,https://www.deu.ac.kr/www/boardview/3/1404,2023.04.20
904,2023년 학생 예비군 훈련 안내,https://www.deu.ac.kr/www/boardview/3/1403,2023.04.18
903,2023학년도 1학기 등록금 분할3차 납부 안내,https://www.deu.ac.kr/www/boardview/3/1402,2023.04.14
902,"[신규 후원의 집] ""밝은세상안과"" 이용 안내",https://www.deu.ac.kr/www/boardview/3/1401,2023.04.10
901,2023년 64기 65기 학군사관 선발 접수기간 연장 안내  ,https://www.deu.ac.kr/www/boardview/3/1400,2023.04.07
900,개인형 이동장치 이용자 안전교육 안내,https://www.deu.ac.kr/www/boardview/3/1399,2023.04.07
899,[디그니타스교양교육연구소] 2023년 동의대학교 제2회 DILE 강연시리...,https://www.deu.ac.kr/www/boardview/3/1398,2023.04.04
898,동의대학교 후원의 집 현황(2023.3.31 기준),https://www.deu.ac.kr/www/boardview/3/1397,2023.04.04
897,부산사립중고등학교장회 2023년도 정기총회 개최에 따른 상경관 및 국제관...,https://www.deu.ac.kr/www/boardview/3/1396,2023.03.28
896,[홍보팀] 2023학년도 제16기 동의대학교 홍보대사 최종합격자 발표,https://www.deu.ac.kr/www/boardview/3/1394,2023.03.28
895,제 45회 동의가족 이웃사랑 헌혈릴레이 행사 안내,https://www.deu.ac.kr/www/boardview/3/1393,2023.03.22
894,전기차 충전방해행위 과태료 부과 안내,https://www.deu.ac.kr/www/boardview/3/1392,2023.03.22
893,[중앙도서관] 2023년 원북원부산 도서 안내,https://www.deu.ac.kr/www/boardview/3/1391,2023.03.22
892,제16기 동의대학교 일반홍보대사 1차 서류 합격자 및 면접일정 공지,https://www.deu.ac.kr/www/boardview/3/1390,2023.03.21
891,2023학년도 1학기 등록금 분할2차 납부 안내,https://www.deu.ac.kr/www/boardview/3/1389,2023.03.20
890,[중앙도서관] 도서관 스탬프 이벤트 안내  ,https://www.deu.ac.kr/www/boardview/3/1388,2023.03.17
889,[디그니타스교양교육연구소] 2023년 동의대학교 DILE 강연시리즈 안내,https://www.deu.ac.kr/www/boardview/3/1387,2023.03.16
888,예비군훈련에 참가하는 학생(예비군)의 학업 보장 관련 안내,https://www.deu.ac.kr/www/boardview/3/1386,2023.03.09
887,2023년 64기 65기 학군사관 모집 안내  ,https://www.deu.ac.kr/www/boardview/3/1385,2023.03.07
886,[대학혁신사업] 대학혁신지원사업단 뉴스레터 2022년 제4호,https://www.deu.ac.kr/www/boardview/3/1384,2023.03.03
885,제2회 박물관 사진 공모전 안내  ,https://www.deu.ac.kr/www/boardview/3/1383,2023.03.02
884,2023학년도 통합사무실 위치 및 전화번호 안내,https://www.deu.ac.kr/www/boardview/3/1381,2023.02.28
883,2023학년도 1학기 코로나19 출석인정 방법 안내,https://www.deu.ac.kr/www/boardview/3/1380,2023.02.28
882,2023학년도 신입생을 위한 비대면 프로그램 안내,https://www.deu.ac.kr/www/boardview/3/1373,2023.02.24
881,2023학년도 신입생 수강신청 관련 안내(신입생 필독)  ,https://www.deu.ac.kr/www/boardview/3/1369,2023.02.22
880,[대학혁신사업] 대학혁신지원사업단 2022년 2학기 웹진 발간  ,https://www.deu.ac.kr/www/boardview/3/1363,2023.02.15
879,[중앙도서관] 2023년 원북원부산 도서 선정 온라인 시민 투표  ,https://www.deu.ac.kr/www/boardview/3/1360,2023.02.14
878,2023-1학기 등록금 납부 안내,https://www.deu.ac.kr/www/boardview/3/1356,2023.02.10
877,2023학년도 1학기 시외통학버스 신청 안내문  ,https://www.deu.ac.kr/www/boardview/3/1354,2023.02.09
876,2023학년도 1학기 차량등록신청 안내(재학생 및 외부인)  ,https://www.deu.ac.kr/www/boardview/3/1353,2023.02.08
875,2023학년도 1학기 시간제 모집 안내  ,https://www.deu.ac.kr/www/boardview/3/1352,2023.02.07
874,[디그니타스교양교육연구소] 2023년도 제1회 DILE Colloquiu...,https://www.deu.ac.kr/www/boardview/3/1351,2023.02.07
873,"중앙도서관 대출, 반납 및 홈페이지, 도서자동반납시스템 사용불가 안내  ",https://www.deu.ac.kr/www/boardview/3/1349,2023.02.07
872,2023학년도 1학기 장기 현장실습학기제 학생참여 안내  ,https://www.deu.ac.kr/www/boardview/3/1346,2023.01.25
871,[혁신공유대학]2023-1학기 바이오헬스 혁신공유대학 교과목 수강신청 안...  ,https://www.deu.ac.kr/www/boardview/3/1345,2023.01.12
870,개정 학칙 공포(제2023-1호)  ,https://www.deu.ac.kr/www/boardview/3/1343,2023.01.06
869,옥외 게시물 게시 준수사항 안내,https://www.deu.ac.kr/www/boardview/3/1342,2023.01.06
868,[디그니타스교양교육연구소]2023년 동의대학교 디그니타스교양교육연구소 전...,https://www.deu.ac.kr/www/boardview/3/1340,2022.12.27
867,[대학혁신사업] 대학혁신지원사업단 뉴스레터 2022년 제3호,https://www.deu.ac.kr/www/boardview/3/1328,2022.12.07
866,학칙 개정안 공고(제2023-1호)  ,https://www.deu.ac.kr/www/boardview/3/1324,2022.12.02
865,[대학혁신사업] 대학혁신지원사업단 뮤지컬 갈라 콘서트 'Special i...,https://www.deu.ac.kr/www/boardview/3/1323,2022.12.02
864,2023학년도 1학기 재입학 안내  ,https://www.deu.ac.kr/www/boardview/3/1322,2022.11.29
863,[그랜드ICT] 취업특강 공지  ,https://www.deu.ac.kr/www/boardview/3/1317,2022.11.22
862,[그랜드ICT] Step Up! 인공지능그랜드ICT취업페스티벌 공지  ,https://www.deu.ac.kr/www/boardview/3/1316,2022.11.22
861,2022학년도 2학기 등록금 분할4차 납부 안내,https://www.deu.ac.kr/www/boardview/3/1314,2022.11.17
860,국제학생증 지원행사 공지,https://www.deu.ac.kr/www/boardview/3/1313,2022.11.16
859,2022년 도서관 이용자 만족도 조사 실시  ,https://www.deu.ac.kr/www/boardview/3/1312,2022.11.16
858,제4회 동의대학교 UCC 공모전 수상자 발표  ,https://www.deu.ac.kr/www/boardview/3/1311,2022.11.16
857,[중앙도서관]  3·3(삼삼)한 대출 이벤트 안내,https://www.deu.ac.kr/www/boardview/3/1308,2022.11.14
856,2022년 연구윤리 포럼 개최 안내  ,https://www.deu.ac.kr/www/boardview/3/1307,2022.11.11
855,2022학년도 동계방학 단기 현장실습학기제 학생참여 안내  ,https://www.deu.ac.kr/www/boardview/3/1304,2022.11.10
854,2022학년도 동계 토익사관학교 모집  ,https://www.deu.ac.kr/www/boardview/3/1302,2022.11.07
853,연구윤리 관련 가이드 발간 안내,https://www.deu.ac.kr/www/boardview/3/1297,2022.11.09
852,[중앙도서관] 2022년  온라인 정보검색대회 안내,https://www.deu.ac.kr/www/boardview/3/1295,2022.11.07
851,[입학처] 2023학년도 수시모집 최초합격자 발표,https://www.deu.ac.kr/www/boardview/3/1293,2022.11.04
850,2022년  박물관 하반기 특별전     개최 안내,https://www.deu.ac.kr/www/boardview/3/1292,2022.11.01
849,동의대학교 대학일자리플러스센터 및 국가고용정책 인식도 조사,https://www.deu.ac.kr/www/boardview/3/1291,2022.10.26
848,"""D-GRIT"" 문항 개정을 위한 예비조사 실시안내  ",https://www.deu.ac.kr/www/boardview/3/1289,2022.10.24
847,2022학년도 2학기 등록금 분할3차 납부 안내,https://www.deu.ac.kr/www/boardview/3/1287,2022.10.20
846,2022년 학생 예비군(3주차 대상자) 훈련 안내,https://www.deu.ac.kr/www/boardview/3/1286,2022.10.18
845,PM(개인형 이동장치) 3단계 행동수칙 안내,https://www.deu.ac.kr/www/boardview/3/1285,2022.10.18
844,화재예방 안내,https://www.deu.ac.kr/www/boardview/3/1283,2022.10.17
843,동의대학교 후원의 집 현황(2022.9.30 기준),https://www.deu.ac.kr/www/boardview/3/1282,2022.10.12
842,2022년 연구실 정밀안전진단 결과 공표  ,https://www.deu.ac.kr/www/boardview/3/1280,2022.10.12
841,[대학혁신사업] 대학혁신지원사업단 뉴스레터 2022년 제2호,https://www.deu.ac.kr/www/boardview/3/1279,2022.10.12
840,2022년 학생 예비군(2주차 대상자) 훈련 안내,https://www.deu.ac.kr/www/boardview/3/1277,2022.10.11
839,동의 카풀(carpool) 운영 잠정 보류 안내,https://www.deu.ac.kr/www/boardview/3/1276,2022.10.11
838,2022년 학생 예비군(1주차 대상자) 훈련 안내 (추가),https://www.deu.ac.kr/www/boardview/3/1274,2022.10.07
837,2022년 학생 예비군(1주차 대상자) 훈련 안내,https://www.deu.ac.kr/www/boardview/3/1273,2022.10.04
836,2022 DEU Idea Jam 공모전 개최 안내  ,https://www.deu.ac.kr/www/boardview/3/1266,2022.09.05
835,[대학혁신사업] 2022-2학기 혁신사업 참여 콘테스트 사전 홍보 행사 ...,https://www.deu.ac.kr/www/boardview/3/1265,2022.09.26
834,법정관 앞 주차장 이용시 중앙도로에서 좌회전 및 우회전 금지 안내,https://www.deu.ac.kr/www/boardview/3/1264,2022.09.22
833,2022학년도 2학기 등록금 분할2차 납부 안내,https://www.deu.ac.kr/www/boardview/3/1262,2022.09.21
832,제44회 동의가족 이웃사랑 헌혈릴레이 행사 안내,https://www.deu.ac.kr/www/boardview/3/1261,2022.09.20
831,2022학년도 대동제 개최에 따른 교통 통제 알림,https://www.deu.ac.kr/www/boardview/3/1258,2022.09.16
830,[대학혁신사업] 대학혁신지원사업단 2022년 1학기 웹진 발간,https://www.deu.ac.kr/www/boardview/3/1257,2022.09.07
829,태풍으로 인한 임시 휴강 안내(2022.09.06(화) ),https://www.deu.ac.kr/www/boardview/3/1254,2022.09.05
828,2022년 연구실 안전 캠페인,https://www.deu.ac.kr/www/boardview/3/1251,2022.08.31
827,[학생상담센터] 2022-2학기 또래상담자 양성교육(기초과정·심화과정) ...  ,https://www.deu.ac.kr/www/boardview/3/1250,2022.08.18
826,동의 카풀(carpool) 운영 안내,https://www.deu.ac.kr/www/boardview/3/1248,2022.08.18
825,2022-2학기 등록금 납부 안내,https://www.deu.ac.kr/www/boardview/3/1245,2022.08.10
824,2022학년도 2학기 차량등록신청 안내(재학생 및 외부인)  ,https://www.deu.ac.kr/www/boardview/3/1244,2022.08.09
823,[긴급] 8월 11일(목) 전산정보원 시스템 보안패치 및 시스템 점검 안...,https://www.deu.ac.kr/www/boardview/3/1242,2022.08.09
822,2022학년도 2학기 시간제등록생 모집 안내  ,https://www.deu.ac.kr/www/boardview/3/1241,2022.08.04
821,2022학년도 2학기 시외통학버스 신청 안내문  ,https://www.deu.ac.kr/www/boardview/3/1239,2022.07.26
820,[혁신공유대학] 2022-2학기 바이오헬스 혁신공유대학 교과목 이수 안내  ,https://www.deu.ac.kr/www/boardview/3/1238,2022.07.20
819,2022학년도 2학기 장기 현장실습학기제 학생참여 안내  첨부파일  ,https://www.deu.ac.kr/www/boardview/3/1237,2022.07.18
818,22년 동의대학교 예비군 훈련일정 안내,https://www.deu.ac.kr/www/boardview/3/1236,2022.07.11
817,"전동킥보드 ‘무면허, 안전모 미착용’ 운행(교내) 금지 안내",https://www.deu.ac.kr/www/boardview/3/1235,2022.07.11
816,동의대학교 후원의 집 현황(2022.6.30 기준),https://www.deu.ac.kr/www/boardview/3/1232,2022.07.01
815,개인정보 지키면 '프라이-벗' 놔두면 '프라이-빚' 개인정보보호 캠페인 ...,https://www.deu.ac.kr/www/boardview/3/1229,2022.06.30
814,[대학혁신사업] 대학혁신지원사업단 뉴스레터 2022년 제1호 (4~5월 ...  ,https://www.deu.ac.kr/www/boardview/3/1227,2022.06.23
813,[중앙도서관] 2022 중앙도서관 전자책 다독자 선발대회 안내,https://www.deu.ac.kr/www/boardview/3/1225,2022.06.13
812,2022학년도 하계 외국어 특강 프로그램 수강생 모집  ,https://www.deu.ac.kr/www/boardview/3/1224,2022.06.08
811,"[학생상담센터] 교수특강 ""우울하고 불안한 우리학생들에게"" 신청안내  ",https://www.deu.ac.kr/www/boardview/3/1222,2022.05.31
810,2022학년도 2학기 재입학 안내,https://www.deu.ac.kr/www/boardview/3/1221,2022.05.31
809,[긴급] 6월 2일(목) 전산정보원 시스템 보안패치 및 시스템 점검 안내,https://www.deu.ac.kr/www/boardview/3/1220,2022.05.31
808,[대학혁신사업] '혁신사업 참여 콘테스트' 6월 월간 프로그램 안내  ,https://www.deu.ac.kr/www/boardview/3/1219,2022.05.27
807,[박물관 문화행사] ‘여름이 오는 길’ 단오端午 (단오부채 만들기 및 활...,https://www.deu.ac.kr/www/boardview/3/1218,2022.05.23
806,보행 중 스마트폰 사용 자제 안내,https://www.deu.ac.kr/www/boardview/3/1216,2022.05.18
805,2022학년도 1학기 등록금 분할4차 납부 안내,https://www.deu.ac.kr/www/boardview/3/1215,2022.05.16
804,2022학년도 하계 토익사관학교 모집  ,https://www.deu.ac.kr/www/boardview/3/1214,2022.05.12
803,개정 학칙 공포(제2022-1호)  ,https://www.deu.ac.kr/www/boardview/3/1213,2022.05.12
802,2022학년도 하계계절학기 바이오헬스 혁신공유대학 수강신청 안내  ,https://www.deu.ac.kr/www/boardview/3/1211,2022.05.10
801,"[중앙도서관] 2022 중앙도서관 온라인 전자정보박람회 개최(크롬, Ed...  ",https://www.deu.ac.kr/www/boardview/3/1210,2022.05.10
800,2022학년도 하계방학 단기 현장실습학기제 학생참여 안내  ,https://www.deu.ac.kr/www/boardview/3/1208,2022.05.09
799,제43회 동의가족 이웃사랑 헌혈릴레이 행사 안내  ,https://www.deu.ac.kr/www/boardview/3/1203,2022.05.04
798,[대학혁신사업] '혁신사업 참여 콘테스트' 5월 월간 프로그램 안내  ,https://www.deu.ac.kr/www/boardview/3/1202,2022.04.28
797,[대학혁신사업] '걸어서 혁신속으로' 행사 개최 (5/2~4)  ,https://www.deu.ac.kr/www/boardview/3/1201,2022.04.28
796,학칙 개정안 공고(제2022-1호)  ,https://www.deu.ac.kr/www/boardview/3/1195,2022.04.22
795,2022학년도 1학기 등록금 분할3차 납부 안내,https://www.deu.ac.kr/www/boardview/3/1194,2022.04.18
794,"[학생상담센터] 2022학년도 학생상담센터 뉴스레터 4호 ""마음우체통"" ...  ",https://www.deu.ac.kr/www/boardview/3/1193,2022.04.12
793,[중앙도서관] 2022학년도 영광도서 도서구입 할인 안내(학생및교직원),https://www.deu.ac.kr/www/boardview/3/1192,2022.04.11
792,"4월 9일(토) 창의관, 생활과학관, 의료보건관 네트워크 및 유선전화 서...",https://www.deu.ac.kr/www/boardview/3/1191,2022.04.08
791,[학생상담센터] 집단심리검사 프로그램 5~6월 일정공지 [공강시간에 뭐하...,https://www.deu.ac.kr/www/boardview/3/1190,2022.04.04
790,동의대학교 후원의 집 현황(2022.3.31 기준),https://www.deu.ac.kr/www/boardview/3/1188,2022.04.01
789,[입학관리팀] 제5기 입학홍보대사 1단계 합격자(면접대상자) 안내  ,https://www.deu.ac.kr/www/boardview/3/1185,2022.03.22
788,[홍보팀] 2022학년도 제15기 홍보대사 최종합격자 발표,https://www.deu.ac.kr/www/boardview/3/1184,2022.03.22
787,2022학년도 1학기 등록금 분할2차 납부 안내,https://www.deu.ac.kr/www/boardview/3/1183,2022.03.21
786,[중앙도서관] 2022 원북원부산 선정도서 안내  ,https://www.deu.ac.kr/www/boardview/3/1182,2022.03.21
785,[학생상담센터] 개인상담 안내,https://www.deu.ac.kr/www/boardview/3/1180,2022.03.18
784,[교수학습개발센터] 2022학년도 학습지원 프로그램 수요조사 안내,https://www.deu.ac.kr/www/boardview/3/1179,2022.03.17
783,제15기 동의대학교 일반홍보대사 1차 서류 합격자 및 면접일정 공지,https://www.deu.ac.kr/www/boardview/3/1177,2022.03.15
782,[중앙도서관] D-VR/AR SPACE 오픈 안내,https://www.deu.ac.kr/www/boardview/3/1176,2022.03.15
781,[교수학습개발센터] 학생 대상 프로그램 안내,https://www.deu.ac.kr/www/boardview/3/1175,2022.03.14
780,"[학생상담센터] ""공강시간에 뭐하니?"" 집단심리검사 해석 프로그램 실시  ",https://www.deu.ac.kr/www/boardview/3/1174,2022.03.14
779,2022 대학안전관리계획 게시  ,https://www.deu.ac.kr/www/boardview/3/1173,2022.03.07
778,[중앙도서관] 2022학년도  신입생/학부생 온라인 이용자교육  ,https://www.deu.ac.kr/www/boardview/3/1172,2022.03.07
777,[학생상담센터] 2022학년도 학생상담센터 이용 변경 안내,https://www.deu.ac.kr/www/boardview/3/1171,2022.03.02
776,2022-1학기 바이오헬스 혁신공유대학 교과목 수강 안내  ,https://www.deu.ac.kr/www/boardview/3/1168,2022.03.02
775,2022학년도 스스로 지키는 개인정보보호 안내,https://www.deu.ac.kr/www/boardview/3/1163,2022.02.25
774,2022학년도 신입생을 위한 On-Line 오리엔테이션 프로그램 및 메타...,https://www.deu.ac.kr/www/boardview/3/1161,2022.02.24
773,2022학년도 신입생 수강신청 관련 안내(신입생 필독)  ,https://www.deu.ac.kr/www/boardview/3/1160,2022.02.23
772,2022학년도 1학기 차량등록신청 안내(재학생 및 외부인)  ,https://www.deu.ac.kr/www/boardview/3/1145,2022.02.14
771,2022-1학기 바이오헬스 혁신공유대학 교과목 이수 안내  ,https://www.deu.ac.kr/www/boardview/3/1143,2022.02.11
770,대학생 헌혈 참여 협조요청  ,https://www.deu.ac.kr/www/boardview/3/1142,2022.02.10
769,2022-1학기 등록금 납부 안내,https://www.deu.ac.kr/www/boardview/3/1141,2022.02.09
768,2022학년도 신입생 DEEP(DONG-EUI Excellent Engl...  ,https://www.deu.ac.kr/www/boardview/3/1139,2022.02.08
767,대학생 교직원 복지몰 '교육할인스토어' 안내,https://www.deu.ac.kr/www/boardview/3/1138,2022.02.08
766,2022학년도 1학기 시간제등록생 모집 안내  ,https://www.deu.ac.kr/www/boardview/3/1137,2022.02.07
765,2022학년도 1학기 시외통학버스 신청 안내  ,https://www.deu.ac.kr/www/boardview/3/1134,2022.01.27
764,동계 방학 중 단축근무 및 집중휴가 안내,https://www.deu.ac.kr/www/boardview/3/1132,2022.01.26
763,「설 명절맞이 소외계층을 위한 1인 1나눔 실천하기 」협조 요청  ,https://www.deu.ac.kr/www/boardview/3/1131,2022.01.24
762,2022학년도 1학기 장기 현장실습학기제 학생참여 안내  ,https://www.deu.ac.kr/www/boardview/3/1129,2022.01.21
761,[긴급] 1월 20일(목) 전산정보원 시스템 보안패치 및 시스템 점검 안...,https://www.deu.ac.kr/www/boardview/3/1128,2022.01.19
760,[디그니타스교양교육연구소]2022년 동의대학교 디그니타스교양교육연구소 전...,https://www.deu.ac.kr/www/boardview/3/1127,2022.01.10
759,2021학년도 바이오헬스 혁신공유대학 동계계절수업 수강 안내  ,https://www.deu.ac.kr/www/boardview/3/1120,2021.12.24
758,지진 대비 국민행동 요령 안내  ,https://www.deu.ac.kr/www/boardview/3/1119,2021.12.24
757,[대학혁신사업] 2021학년도 동의 나눔UP 통합성과경진대회 수상자 발표,https://www.deu.ac.kr/www/boardview/3/1114,2021.12.20
756,방역패스 미인증자 대출 안내,https://www.deu.ac.kr/www/boardview/3/1113,2021.12.17
755,동의대학교 ‘캠퍼스 Dream’ SNS 사진 공모전 결과 공지,https://www.deu.ac.kr/www/boardview/3/1110,2021.12.10
754,[도서관] 2021 도서관 이용자 만족도 조사 실시(경품:스타벅스카드),https://www.deu.ac.kr/www/boardview/3/1107,2021.11.30
753,"[디그니타스교양교육연구소] DILE 강연 시리즈 ""플라스틱과 함께하기:쓰...",https://www.deu.ac.kr/www/boardview/3/1106,2021.11.30
752,[지역콜라보센터] 제 2회 동의대학교 총장배 부산광역시 장애인배드민턴 대...,https://www.deu.ac.kr/www/boardview/3/1105,2021.11.24
751,2022학년도 1학기 재입학 안내,https://www.deu.ac.kr/www/boardview/3/1104,2021.11.23
750,"[지역콜라보센터]부산MBC 생방송'부라보', 좌천동 건강백세 어울림 한마...",https://www.deu.ac.kr/www/boardview/3/1103,2021.11.19
749,"[디그니타스교양교육연구소] DILE 강연 시리즈 ""인류세에 지속가능한 디...",https://www.deu.ac.kr/www/boardview/3/1101,2021.11.19
748,2021학년도 동계방학 단기 현장실습학기제 학생참여 안내  ,https://www.deu.ac.kr/www/boardview/3/1100,2021.11.18
747,2021학년도 2학기 등록금 분할4차 납부 안내,https://www.deu.ac.kr/www/boardview/3/1099,2021.11.18
746,제42회 동의가족 이웃사랑 헌혈릴레이 행사 안내  ,https://www.deu.ac.kr/www/boardview/3/1098,2021.11.16
745,[디그니타스교양교육연구소]제4회 대학교양교육연구소협의회 학술대회  ,https://www.deu.ac.kr/www/boardview/3/1097,2021.11.16
744,"[대학혁신사업]「2021 건강백세, 어울림 한마당」시행",https://www.deu.ac.kr/www/boardview/3/1096,2021.11.05
743,2021 파란사다리 면접 진행 예정 리스트,https://www.deu.ac.kr/www/boardview/3/1095,2021.11.04
742,2021년 실내 민간체육시설 이용 활성화 지원사업 안내,https://www.deu.ac.kr/www/boardview/3/1093,2021.11.03
741,[대학혁신사업] 혁신사업 참여 콘테스트 11월 월간 프로그램 안내(포스터...  ,https://www.deu.ac.kr/www/boardview/3/1092,2021.11.02
740,[대학혁신사업] '오늘은 혁신 DAY' 홍보 행사 개최(11/10)  ,https://www.deu.ac.kr/www/boardview/3/1091,2021.10.29
739,2021학년도 2학기 등록금 분할3차 납부 안내,https://www.deu.ac.kr/www/boardview/3/1088,2021.10.25
738,2021-2학기 혁신공유대학 교과목 수강 안내  ,https://www.deu.ac.kr/www/boardview/3/1087,2021.10.21
737,"[디그니타스교양교육연구소] DILE 강연 시리즈 ""21세기 인류세 뉴노멀...",https://www.deu.ac.kr/www/boardview/3/1086,2021.10.20
736,전국 대학일자리센터 청년정책 체감도 및 만족도조사(접속주소 수정),https://www.deu.ac.kr/www/boardview/3/1085,2021.10.20
735,2021 재난대응 안전한국훈련 관련 행동요령 안내  ,https://www.deu.ac.kr/www/boardview/3/1084,2021.10.19
734,[대학혁신사업] 혁신사업 참여 콘테스트 10월 월간 프로그램 안내(포스터...  ,https://www.deu.ac.kr/www/boardview/3/1081,2021.10.06
733,2021학년도 2학기 등록금 분할2차 납부 안내,https://www.deu.ac.kr/www/boardview/3/1074,2021.09.23
732,2021학년도 연구실 정밀안전진단 결과 공표  ,https://www.deu.ac.kr/www/boardview/3/1073,2021.09.17
731,[대학혁신사업] 굿 디베이터 양성과정(돌) 카드뉴스  ,https://www.deu.ac.kr/www/boardview/3/1071,2021.09.16
730,2021-2학기 혁신공유대학 교과목 수강 안내  ,https://www.deu.ac.kr/www/boardview/3/1069,2021.09.14
729,9월 15일(수) 보안시스템 점검 관련 네트워크(인터넷) 중지 안내,https://www.deu.ac.kr/www/boardview/3/1068,2021.09.13
728,[대학혁신사업] 굿 프리젠터 양성과정(돌)  ,https://www.deu.ac.kr/www/boardview/3/1067,2021.09.13
727,"[대학혁신사업] 인재개발팀(온라인 직무 교육, 학과별 산업체 전문가 특강...  ",https://www.deu.ac.kr/www/boardview/3/1066,2021.09.10
726,[대학혁신사업] 기초학력증진클리닉 카드뉴스  ,https://www.deu.ac.kr/www/boardview/3/1065,2021.09.10
725,[대학혁신사업] 젠더혁신 콜라보챌린지 인재양성 특강(2차) 카드뉴스  ,https://www.deu.ac.kr/www/boardview/3/1064,2021.09.10
724,[대학혁신사업] 젠더혁신 역량증진 특강(3차) 카드뉴스  ,https://www.deu.ac.kr/www/boardview/3/1063,2021.09.10
723,[대학혁신사업] '혁신사업 참여 콘테스트' 9월 월간 프로그램 안내  ,https://www.deu.ac.kr/www/boardview/3/1061,2021.09.09
722,[공지] 동의대학교 코로나19 감염예방을 위한 방역조치 안내,https://www.deu.ac.kr/www/boardview/3/1060,2021.09.06
721,"교육혁신처 콘텐츠제작동아리 활동[학사지원팀, 학생상담센터] 업무 소개  ...",https://www.deu.ac.kr/www/boardview/3/1059,2021.09.02
720,[문화체육관광부] 대학가 가을 신학기 출판물 불법복제 예방 협조 요청,https://www.deu.ac.kr/www/boardview/3/1054,2021.08.25
719,황사·고농도 미세먼지 국민행동요령 안내,https://www.deu.ac.kr/www/boardview/3/1053,2021.08.24
718,지진안전주간 캠페인 안내,https://www.deu.ac.kr/www/boardview/3/1052,2021.08.24
717,[중앙도서관] 2021 중앙도서관 온라인 정보검색대회 개최  ,https://www.deu.ac.kr/www/boardview/3/1051,2021.08.23
716,[중앙도서관] 2021학년도 중앙도서관 대학원생 온라인 이용자 교육  ,https://www.deu.ac.kr/www/boardview/3/1050,2021.08.23
715,2021학년도 2학기 차량등록신청 안내(재학생 및 외부인)  ,https://www.deu.ac.kr/www/boardview/3/1049,2021.08.18
714,2021-2학기 등록금 납부 안내,https://www.deu.ac.kr/www/boardview/3/1048,2021.08.12
713,2021학년도 2학기 시간제등록생 모집 안내  ,https://www.deu.ac.kr/www/boardview/3/1047,2021.08.10
712,[대학혁신사업] 학습튜터 양성과정 프로그램(2차),https://www.deu.ac.kr/www/boardview/3/1046,2021.08.09
711,2021학년도 2학기 봉사시간 신청 및 인정 안내,https://www.deu.ac.kr/www/boardview/3/1045,2021.08.05
710,[대학혁신사업] '혁신사업 참여 콘테스트' 8월 월간 프로그램 안내  ,https://www.deu.ac.kr/www/boardview/3/1044,2021.08.05
709,[긴급] 7월 30일(금) 전산정보원 시스템 보안패치 안내,https://www.deu.ac.kr/www/boardview/3/1043,2021.07.29
708,2021학년도 2학기 시외통학버스 신청 안내  ,https://www.deu.ac.kr/www/boardview/3/1042,2021.07.28
707,[대학혁신사업] 학생상담센터 개인상담,https://www.deu.ac.kr/www/boardview/3/1041,2021.07.26
706,[대학혁신사업] 동의에서 세계속으로(외국문화 체험),https://www.deu.ac.kr/www/boardview/3/1040,2021.07.26
705,교내 인터넷 회선사업자 변경에 따른 네트워크 및 유선전화 서비스 중지 안...,https://www.deu.ac.kr/www/boardview/3/1039,2021.07.26
704,2021학년도 2학기 장기 현장실습(인턴십) 학생참여 안내  ,https://www.deu.ac.kr/www/boardview/3/1038,2021.07.20
703,2021년 예비군훈련 미실시 안내,https://www.deu.ac.kr/www/boardview/3/1037,2021.07.16
702,"[시설관리팀]가야,양정캠퍼스 인터넷 및 유선전화 서비스 중지 안내",https://www.deu.ac.kr/www/boardview/3/1036,2021.07.12
701,[대학혁신사업] '혁신사업 참여 콘테스트' 7월 월간 프로그램 안내  ,https://www.deu.ac.kr/www/boardview/3/1035,2021.07.09
700,[대학혁신지원사업] 2021년 대학혁신포럼 개최 안내  ,https://www.deu.ac.kr/www/boardview/3/1034,2021.07.08
699,동의대학교 후원의 집 현황(2021.6.30 기준),https://www.deu.ac.kr/www/boardview/3/1033,2021.07.02
698,2021학년도 2학기 ICT학점연계 프로젝트 인턴십 참가신청 안내  ,https://www.deu.ac.kr/www/boardview/3/1032,2021.07.01
697,"[지역콜라보센터]부산MBC 생방송'부라보', 동의동락 프로젝트 시행 관련...",https://www.deu.ac.kr/www/boardview/3/1031,2021.06.24
696,[중앙도서관] 중앙도서관 전자책 대출 이벤트 안내  ,https://www.deu.ac.kr/www/boardview/3/1028,2021.06.17
695,개정 학칙 공포(제2021-1호)  ,https://www.deu.ac.kr/www/boardview/3/1027,2021.06.16
694,"2021년 ""재학생 모교방문단""  안내",https://www.deu.ac.kr/www/boardview/3/1026,2021.06.11
693,2021학년도 1학기 기말시험대비 코로나19 방역(소독) 안내,https://www.deu.ac.kr/www/boardview/3/1023,2021.06.08
692,[지역콜라보센터]동의대학교 지역사회 협력 기여 성과 확산 포럼 개최,https://www.deu.ac.kr/www/boardview/3/1022,2021.06.08
691,2021학년도 하계 단기 현장실습(인턴십) 학생참여 안내  ,https://www.deu.ac.kr/www/boardview/3/1021,2021.06.07
690,[대학혁신사업] '혁신사업 참여 콘테스트' 6월 월간 프로그램 안내  ,https://www.deu.ac.kr/www/boardview/3/1020,2021.06.02
689,2021학년도 2학기 재입학 안내,https://www.deu.ac.kr/www/boardview/3/1018,2021.05.24
688,[디그니타스교양교육연구소] 2021년 동의대학교 디그니타스교양교육연구소 ...,https://www.deu.ac.kr/www/boardview/3/1017,2021.05.20
687,2021학년도 1학기 등록금 분할4차 납부 안내,https://www.deu.ac.kr/www/boardview/3/1016,2021.05.13
686,[중앙도서관] 2021 중앙도서관 온라인전자정보박람회 개최  ,https://www.deu.ac.kr/www/boardview/3/1015,2021.05.13
685,2021학년도 상반기 학생현장실습 활성화 랜선 토크콘서트 신청안내,https://www.deu.ac.kr/www/boardview/3/1011,2021.05.10
684,대학본관 네트워크 스위치 장비이전에 따른 인터넷 및 유선전화 서비스 중지...,https://www.deu.ac.kr/www/boardview/3/1010,2021.05.08
683,학칙 개정안 공고(제2021-1호)  ,https://www.deu.ac.kr/www/boardview/3/1009,2021.05.04
682,[대학혁신사업] '혁신사업 참여 콘테스트' 5월 월간 프로그램 안내  ,https://www.deu.ac.kr/www/boardview/3/1008,2021.04.30
681,[공지] 동의대학교 코로나19 감염예방을 위한 방역조치 안내,https://www.deu.ac.kr/www/boardview/3/1004,2021.04.19
680,개인형 이동장치(PM) 도로교통법 개정 안내,https://www.deu.ac.kr/www/boardview/3/1003,2021.04.16
679,2021년 원북원부산 선정도서 안내  ,https://www.deu.ac.kr/www/boardview/3/1002,2021.04.15
678,2021학년도 1학기 등록금 분할3차 납부 안내,https://www.deu.ac.kr/www/boardview/3/1001,2021.04.15
677,코로나19 관련 안내 및 감염병 예방수칙 철저 준수 권고,https://www.deu.ac.kr/www/boardview/3/1000,2021.04.12
676,[대학혁신사업]  '혁신사업 참여 콘테스트' 참여를 위한 4월 월간 프로...  ,https://www.deu.ac.kr/www/boardview/3/999,2021.04.09
675,동의대학교 후원의 집 현황(2021.3.31 기준)  ,https://www.deu.ac.kr/www/boardview/3/996,2021.04.05
674,[긴급공지] 코로나19 추가 확진자 발생에 따른 공지사항,https://www.deu.ac.kr/www/boardview/3/995,2021.04.03
673,[긴급공지] 코로나19 확진자 발생에 따른 공지사항,https://www.deu.ac.kr/www/boardview/3/994,2021.04.01
672,2021학년도 제14기 홍보대사 최종합격자 발표,https://www.deu.ac.kr/www/boardview/3/993,2021.03.30
671,제14기 동의대학교 학생홍보대사 1차서류 합격자 및 면접일정 공지,https://www.deu.ac.kr/www/boardview/3/991,2021.03.23
670,[중앙도서관] 제8회 전국대학생 IEL & E4E Quiz Contest...  ,https://www.deu.ac.kr/www/boardview/3/989,2021.03.23
669,2021학년도 1학기 등록금 분할2차 납부 안내,https://www.deu.ac.kr/www/boardview/3/987,2021.03.19
668,[중앙도서관] 2021년 RISS & 대학라이선스 DB 이용교육  ,https://www.deu.ac.kr/www/boardview/3/986,2021.03.17
667,[온라인교육] DBpia 논문 쓰기와 검색 전략 이용자 교육 실시(추가 ...  ,https://www.deu.ac.kr/www/boardview/3/985,2021.03.16
666,[중앙도서관] DBpia 새학기 목표달성 이벤트 안내  ,https://www.deu.ac.kr/www/boardview/3/984,2021.03.16
665,[중앙도서관] 2021학년도 도서관 신입생 온라인 이용자 교육,https://www.deu.ac.kr/www/boardview/3/983,2021.03.16
664,[중앙도서관] 누리미디어 2021년 상반기 젊은 연구자 논문 투고료 지원...  ,https://www.deu.ac.kr/www/boardview/3/982,2021.03.10
663,"[디그니타스교양교육연구소] DILE 강연 시리즈 ""난독증과 학습부진에 담...",https://www.deu.ac.kr/www/boardview/3/980,2021.03.09
662,[온라인교육] DBpia 논문 쓰기와 검색 전략 이용자 교육 실시  ,https://www.deu.ac.kr/www/boardview/3/978,2021.03.05
661,QR인증 건물출입 매뉴얼,https://www.deu.ac.kr/www/boardview/3/973,2021.02.26
660,2021학년도 1학기 헌혈의집 동의대센터 운영 안내,https://www.deu.ac.kr/www/boardview/3/972,2021.02.25
659,2021학년도 신입생 행사 취소 및 신입생 언택트 프로그램 안내  ,https://www.deu.ac.kr/www/boardview/3/971,2021.02.23
658,2021학년도 신입생 수강신청 관련 안내(신입생 필독)  ,https://www.deu.ac.kr/www/boardview/3/969,2021.02.22
657,2021학년도 전기 편입학생 수강신청 및 대학생활 가이드라인 안내  ,https://www.deu.ac.kr/www/boardview/3/968,2021.02.19
656,2021학년도 1학기 차량등록신청 안내(재학생 및 외부인)  ,https://www.deu.ac.kr/www/boardview/3/966,2021.02.15
655,2021학년도 1학기 기술분야 현장실습(인턴십) 신청안내_접수중  ,https://www.deu.ac.kr/www/boardview/3/964,2021.02.09
654,2021-1학기 개강에 즈음하여 재학생 여러분께 드리는 글,https://www.deu.ac.kr/www/boardview/3/963,2021.02.08
653,2021-1학기 등록금 납부 안내,https://www.deu.ac.kr/www/boardview/3/962,2021.02.08
652,[필독]2021학년도 1학기 학부 수업 운영 계획 안내,https://www.deu.ac.kr/www/boardview/3/961,2021.02.08
651,2021학년도 1학기 시외통학버스 신청 안내  ,https://www.deu.ac.kr/www/boardview/3/960,2021.02.04
650,2021학년도 1학기 ICT학점연계 프로젝트 인턴십 참가신청 안내  ,https://www.deu.ac.kr/www/boardview/3/959,2021.02.03
649,2021학년도 1학기 장기 현장실습(인턴십) 학생참여 안내_현 접수중!  ,https://www.deu.ac.kr/www/boardview/3/957,2021.02.02
648,2021학년도 1학기 시간제등록생 모집 안내  ,https://www.deu.ac.kr/www/boardview/3/956,2021.02.01
647,"[디그니타스교양교육연구소] DILE 강연 시리즈 ""디지털 리터러시와 교양...",https://www.deu.ac.kr/www/boardview/3/952,2021.01.19
646,대학생 교직원 복지몰 '교육할인스토어' 안내,https://www.deu.ac.kr/www/boardview/3/950,2021.01.18
645,[부산지방병무청]2021년도 병역판정검사 일자 및 장소 본인선택  홍보,https://www.deu.ac.kr/www/boardview/3/949,2021.01.18
644,[디그니타스교양교육연구소] 동의대 현학(現學)협력 프로젝트(생방송 포럼)...,https://www.deu.ac.kr/www/boardview/3/948,2021.01.18
643,[디그니타스교양교육연구소] - [DILE 강연 시리즈] 4차 산업혁명의 ...,https://www.deu.ac.kr/www/boardview/3/946,2021.01.12
642,[중앙도서관] 2021년 동영상 강좌 무료 이용 안내,https://www.deu.ac.kr/www/boardview/3/944,2021.01.08
641,[중앙도서관] 2021년 신규 구입 전자책 이용안내  ,https://www.deu.ac.kr/www/boardview/3/943,2021.01.08
640,[학생상담센터] 학생상담센터 동계방학 이용안내  ,https://www.deu.ac.kr/www/boardview/3/941,2021.01.05
639,비상용 구급함 비치 안내,https://www.deu.ac.kr/www/boardview/3/940,2021.01.04
638,개정 학칙 공포(제2020-2호)  ,https://www.deu.ac.kr/www/boardview/3/939,2020.12.29
637,2021학년도 수시모집 7차(최종) 충원합격자 발표,https://www.deu.ac.kr/www/boardview/3/938,2020.12.24
636,전동킥보드 사고예방 안내,https://www.deu.ac.kr/www/boardview/3/937,2020.12.24
635,[중앙도서관] 동계방학 도서관 이용 안내(수정. 2020.12.17.(목...  ,https://www.deu.ac.kr/www/boardview/3/936,2020.12.15
634,[학생상담센터 대학혁신지원사업] 슬기로운 대학생활 콘테스트 결과 발표,https://www.deu.ac.kr/www/boardview/3/935,2020.12.11
633,2021학년도 1학기 휴학안내,https://www.deu.ac.kr/www/boardview/3/933,2020.12.04
632,2020학년도 연구실 정밀안전진단 결과 공표  ,https://www.deu.ac.kr/www/boardview/3/931,2020.12.04
631,2020학년도 동계 단기 현장실습(인턴십) 추가 신청 안내,https://www.deu.ac.kr/www/boardview/3/928,2020.12.01
630,[중앙도서관] 중앙도서관 이용 안내(2020.12.2.(수) - 추후 공...  ,https://www.deu.ac.kr/www/boardview/3/927,2020.12.01
629,2020-2학기 14주차 수업방식 원격수업 전환 안내,https://www.deu.ac.kr/www/boardview/3/926,2020.11.30
628,2021학년도 1학기 재입학 신청 안내,https://www.deu.ac.kr/www/boardview/3/925,2020.11.27
627,[대학혁신사업] 슬기로운 대학생활 CONTEST 수기 공모전  ,https://www.deu.ac.kr/www/boardview/3/921,2020.11.23
626,학칙 개정안 공고(2020-2호)  ,https://www.deu.ac.kr/www/boardview/3/920,2020.11.23
625,2020학년도 2학기 등록금 분할4차 납부 안내,https://www.deu.ac.kr/www/boardview/3/918,2020.11.16
624,′20년 예비군훈련 원격 교육 시행 안내  ,https://www.deu.ac.kr/www/boardview/3/917,2020.11.13
623,[중앙도서관] 2020 중앙도서관 이용자교육 DAY 실시  ,https://www.deu.ac.kr/www/boardview/3/916,2020.11.13
622,[중앙도서관] '언택트 대출·반납 이벤트' 실시  ,https://www.deu.ac.kr/www/boardview/3/915,2020.11.11
621,[중앙도서관] 2020 '전자책 대출 원정대' 이벤트 실시,https://www.deu.ac.kr/www/boardview/3/912,2020.11.10
620,2020년 진로 취업 페스티발(참여자 푸드트럭 및 커피 쿠폰 제공),https://www.deu.ac.kr/www/boardview/3/911,2020.11.09
619,2020학년도 동계 단기 현장실습(인턴십) 학생 참여 안내--->신청기간...  ,https://www.deu.ac.kr/www/boardview/3/907,2020.11.02
618,[온라인교육] DBpia와 함께하는 A+리포트 완전 정복,https://www.deu.ac.kr/www/boardview/3/906,2020.10.30
617,학생부종합전형 합격수기 공모전 수상자 발표,https://www.deu.ac.kr/www/boardview/3/905,2020.10.30
616,제40회 동의가족 이웃사랑 헌혈릴레이 행사 안내,https://www.deu.ac.kr/www/boardview/3/904,2020.10.28
615,[대학혁신사업] 중앙도서관 인문학특강 프로그램 참가 신청 안내  ,https://www.deu.ac.kr/www/boardview/3/902,2020.10.27
614,대학일자리센터 청년정책체감도 및 만족도 조사 참여 안내,https://www.deu.ac.kr/www/boardview/3/901,2020.10.27
613,2020-2학기 특별학점 봉사 인정 시간 제출 및 협력인성 특별학점 신청...  ,https://www.deu.ac.kr/www/boardview/3/900,2020.10.23
612,2020학년도 2학기 등록금 분할3차 납부 안내,https://www.deu.ac.kr/www/boardview/3/897,2020.10.20
611,스마트융합인재양성 특강(4차 산업혁명의 이해) 신청 안내_온라인,https://www.deu.ac.kr/www/boardview/3/896,2020.10.13
610,[대학혁신사업] 중앙도서관 저자초청 강연회 & 독서캠프 참가 신청 안내  ,https://www.deu.ac.kr/www/boardview/3/895,2020.10.08
609,[중앙도서관] 중앙도서관 열람실 개방 운영 안내(2020.10.13.(화...  ,https://www.deu.ac.kr/www/boardview/3/894,2020.10.08
608,[중앙도서관] 10월 중앙도서관 전자자료 온라인 교육 안내  ,https://www.deu.ac.kr/www/boardview/3/893,2020.10.06
607,[후원의 집 이벤트] 후원의 집 추천 이벤트,https://www.deu.ac.kr/www/boardview/3/892,2020.10.06
606,[후원의 집 이벤트]  후원의 집 이용하고 경품받자!,https://www.deu.ac.kr/www/boardview/3/891,2020.10.06
605,동의대학교 QR인증 건물출입 시행,https://www.deu.ac.kr/www/boardview/3/890,2020.10.05
604,[입학홍보처] 학생부종합전형 합격수기 공모전 안내  ,https://www.deu.ac.kr/www/boardview/3/888,2020.09.29
603,[중앙도서관] 도서관 이용 시간 변경 안내(2020.10.05.-10.0...  ,https://www.deu.ac.kr/www/boardview/3/887,2020.09.29
602,2021학년도 수시모집 원서접수 마감,https://www.deu.ac.kr/www/boardview/3/886,2020.09.28
601,[중앙도서관] '온라인 정보검색대회' 경품 추첨 유튜브 실시간 방송(예고...,https://www.deu.ac.kr/www/boardview/3/885,2020.09.23
600,[중앙도서관] 중앙도서관 이용자교육과 함께하는 '온라인 이용자교육 활용대...  ,https://www.deu.ac.kr/www/boardview/3/884,2020.09.21
599,[학생상담센터] 2020-2학기 개인코칭 프로그램 신청 안내(성격/대인관...  ,https://www.deu.ac.kr/www/boardview/3/883,2020.09.17
598,2020학년도 2학기 등록금 분할2차 납부 안내,https://www.deu.ac.kr/www/boardview/3/882,2020.09.16
597,학생 진로•취업 역량 조사안내,https://www.deu.ac.kr/www/boardview/3/881,2020.09.14
596,[중앙도서관] DBpia와 함께하는 A+리포트 완전 정복 온라인 교육,https://www.deu.ac.kr/www/boardview/3/880,2020.09.11
595,[중앙도서관] 도서관 이용 안내  ,https://www.deu.ac.kr/www/boardview/3/879,2020.09.11
594,2020학년도 봉사자 소양교육(온라인) 실시 안내,https://www.deu.ac.kr/www/boardview/3/878,2020.09.07
593,중앙도로 포장공사 연기안내 2020.09.13.(일),https://www.deu.ac.kr/www/boardview/3/876,2020.09.04
592,[학생상담센터] 사회적 거리두기에 따른 학생상담센터 이용안내  ,https://www.deu.ac.kr/www/boardview/3/873,2020.09.01
591,[중앙도서관] 전자정보박람회와 함께하는 '온라인 정보검색대회' 개최(마감...,https://www.deu.ac.kr/www/boardview/3/872,2020.09.01
590,[중앙도서관] 9월 중앙도서관 전자자료 온라인 교육 안내,https://www.deu.ac.kr/www/boardview/3/871,2020.09.01
589,중앙도로 공사에 따른 차량 출입 통제 안내 2020.09.06.(일),https://www.deu.ac.kr/www/boardview/3/870,2020.09.01
588,[중앙도서관] 온라인 이용자교육 안내 (2020.9.1.(화) - 10....  ,https://www.deu.ac.kr/www/boardview/3/868,2020.08.31
587,2020-2학기 등록금 추가 납부 안내,https://www.deu.ac.kr/www/boardview/3/867,2020.08.31
586,[중앙도서관]  포스트 코로나 시대 대비 도서관 소장 자료 안내 Ⅱ  ,https://www.deu.ac.kr/www/boardview/3/866,2020.08.27
585,[중앙도서관] 도서관 이용시간 변경 안내 (2020.8.26-9.11)  ,https://www.deu.ac.kr/www/boardview/3/865,2020.08.25
584,"[중앙도서관] 대출 권수 확대 안내(교원, 연구원, 대학원생, 직원, 조...  ",https://www.deu.ac.kr/www/boardview/3/864,2020.08.25
583,2020학년도 2학기 차량등록신청 안내  ,https://www.deu.ac.kr/www/boardview/3/863,2020.08.21
582,2020년 예비군훈련 미실시 안내,https://www.deu.ac.kr/www/boardview/3/862,2020.08.21
581,코로나 19 감염 확산에 따른 2020학년도 2학기 시외통학버스 신청 재...  ,https://www.deu.ac.kr/www/boardview/3/861,2020.08.20
580,2020-2학기 등록금 납부 안내,https://www.deu.ac.kr/www/boardview/3/859,2020.08.13
579,[긴급] 금일(8월 11일) 보안시스템 펌웨어 업그레이드 안내,https://www.deu.ac.kr/www/boardview/3/858,2020.08.11
578,2019학년도 후기 학위수여식 일정 안내,https://www.deu.ac.kr/www/boardview/3/857,2020.08.10
577,2020년 동의대학교 예비군훈련 일정 안내,https://www.deu.ac.kr/www/boardview/3/854,2020.08.06
576,[중앙도서관] 8월 중앙도서관 전자자료 온라인 교육 안내  ,https://www.deu.ac.kr/www/boardview/3/853,2020.08.05
575,2020학년도 2학기 시외통학버스 신청 안내  ,https://www.deu.ac.kr/www/boardview/3/848,2020.08.05
574,2020학년도 2학기 수강신청 안내,https://www.deu.ac.kr/www/boardview/3/846,2020.07.31
573,[중앙도서관] 포스트 코로나 시대 대비 도서관 소장 자료 안내  ,https://www.deu.ac.kr/www/boardview/3/845,2020.07.29
572,[LINC+사업] 특화분야(한방바이오헬스케어) 기본인명구조술(심폐소생술)...  ,https://www.deu.ac.kr/www/boardview/3/844,2020.07.28
571,2020년 국제학생증 ISIC 학생지원 프로그램 안내,https://www.deu.ac.kr/www/boardview/3/842,2020.07.23
570,2020학년도 하계 단기 현장실습(인턴십) 기업 및 학생 추가 참여 안내  ,https://www.deu.ac.kr/www/boardview/3/841,2020.07.15
569,[중앙도서관] 7월 중앙도서관 전자자료 온라인 교육 안내  ,https://www.deu.ac.kr/www/boardview/3/837,2020.07.10
568,2020학년도 2학기 장기현장실습(인턴십) 학생참여 안내(기간연장!)  ,https://www.deu.ac.kr/www/boardview/3/836,2020.07.10
567,[대학혁신사업]메이커스 크루 2차 모집 최종합격자 발표,https://www.deu.ac.kr/www/boardview/3/835,2020.07.08
566,[중앙도서관] 하계방학 기간 도서관 이용 안내,https://www.deu.ac.kr/www/boardview/3/834,2020.07.03
565,ICT학점연계 프로젝트 인턴십 참가신청 안내  ,https://www.deu.ac.kr/www/boardview/3/833,2020.07.02
564,[대학혁신사업]2020년 메이커스 크루 1차 합격자 발표,https://www.deu.ac.kr/www/boardview/3/832,2020.07.01
563,[중앙도서관] 동의대학교 랜선도서관 - 중앙도서관 온라인 서비스 -  ,https://www.deu.ac.kr/www/boardview/3/831,2020.06.29
562,[중앙도서관] 중앙도서관 휴관에 따른 임시 도서 대출 이용 안내(종료),https://www.deu.ac.kr/www/boardview/3/830,2020.06.26
561,[중앙도서관] 도서관 휴관 안내[6.29. - 7.3. 종료],https://www.deu.ac.kr/www/boardview/3/829,2020.06.24
560,대면기말시험 시행에 따른  수강생 필수 체크리스트 및 캠퍼스 맵 안내,https://www.deu.ac.kr/www/boardview/3/828,2020.06.17
559,[중앙도서관] 기말시험 기간 열람실 임시 이용 안내,https://www.deu.ac.kr/www/boardview/3/827,2020.06.16
558,[중앙도서관] 대학생을 위한 RISS 온라인 이용교육 안내,https://www.deu.ac.kr/www/boardview/3/826,2020.06.16
557,[LINC+사업] 2020년 1학기 및 하계계절수업 캡스톤디자인 경진대회...  ,https://www.deu.ac.kr/www/boardview/3/823,2020.06.16
556,[중앙도서관] '2020 동의인과 함께하는 원북원부산' 이벤트 실시(마감...,https://www.deu.ac.kr/www/boardview/3/821,2020.06.12
555,2020학년도 2학기 휴학안내,https://www.deu.ac.kr/www/boardview/3/820,2020.06.11
554,[학생상담센터]2020학년 상담뉴스레터 마음우체통 2호 발간  ,https://www.deu.ac.kr/www/boardview/3/819,2020.06.08
553,2020학년도 2학기 재입학 신청 안내,https://www.deu.ac.kr/www/boardview/3/818,2020.06.01
552,[온라인교육] DBpia와 함께하는 A+리포트 완전정복(추가일정)  ,https://www.deu.ac.kr/www/boardview/3/817,2020.05.29
551,[중앙도서관] 도서관 소식지 읽Go! 퀴즈 풀Go! 이벤트  ,https://www.deu.ac.kr/www/boardview/3/816,2020.05.29
550,2020학년도 1학기 학사 안내,https://www.deu.ac.kr/www/boardview/3/815,2020.05.28
549,[디그니타스교양교육연구소 ]2020년 동의대학교 디그니타스교양교육연구소 ...,https://www.deu.ac.kr/www/boardview/3/814,2020.05.26
548,"2020년도 데이터기반 구매,품질직무 실무전문가 양성과정 신청 안내  ",https://www.deu.ac.kr/www/boardview/3/813,2020.05.21
547,코로나-19로 인한 예비군훈련 일정 재연기 및 훈련 변경사항 안내(2차),https://www.deu.ac.kr/www/boardview/3/811,2020.05.19
546,[학생상담센터] 코로나19에 따른 학생상담센터 대면상담 이용안내  ,https://www.deu.ac.kr/www/boardview/3/810,2020.05.15
545,2020학년도 1학기 등록금 분할4차 납부 안내,https://www.deu.ac.kr/www/boardview/3/809,2020.05.15
544,[중앙도서관] 2020학년도 학습/연구지원 온라인 교육 2차 안내,https://www.deu.ac.kr/www/boardview/3/808,2020.05.12
543,[중앙도서관] 자료실 부분 개관 및 이용 안내  ,https://www.deu.ac.kr/www/boardview/3/805,2020.05.07
542,2020학년도 하계 단기 현장실습(인턴십) 학생 참여 안내  ,https://www.deu.ac.kr/www/boardview/3/804,2020.05.07
541,5월 3일(일) 보안시스템 교체에 따른 네트워크(인터넷) 및 유선 전화 ...,https://www.deu.ac.kr/www/boardview/3/803,2020.05.01
540,2020학년도 1학기 1차 대면수업(05/11~) 대상 교과목 안내,https://www.deu.ac.kr/www/boardview/3/801,2020.04.24
539,전동킥보드 등 개인형 이동수단(PM) 법규 및 안전수칙 안내  ,https://www.deu.ac.kr/www/boardview/3/800,2020.04.23
538,2020-1학기특별학점 봉사 인정 시간 비대면(이메일) 제출 안내,https://www.deu.ac.kr/www/boardview/3/799,2020.04.20
537,2020학년도 1학기 등록금 분할3차 납부 안내,https://www.deu.ac.kr/www/boardview/3/797,2020.04.14
536,[전산정보원] 시스템 점검에 따른 네트워크(인터넷) 및 유선 전화 서비스...,https://www.deu.ac.kr/www/boardview/3/796,2020.04.13
535,코로나19 사태에 따른 추가 학사조치 안내(5차)  ,https://www.deu.ac.kr/www/boardview/3/795,2020.04.10
534,"[학생상담센터] 코로나19에 따른 학생상담센터 개인상담, 심리검사 이용안...",https://www.deu.ac.kr/www/boardview/3/794,2020.04.09
533,외부차량 출입 통제 기간 연장 안내,https://www.deu.ac.kr/www/boardview/3/793,2020.04.08
532,[중앙도서관] 2020학년도 학습/연구지원 온라인 교육 안내  ,https://www.deu.ac.kr/www/boardview/3/792,2020.04.07
531,코로나19 확산 방지를 위한 '사회적 거리두기' 캠페인 연장 안내,https://www.deu.ac.kr/www/boardview/3/791,2020.04.07
530,[중앙도서관] 동의대학교 랜선도서관 -중앙도서관 온라인 서비스 안내-  ,https://www.deu.ac.kr/www/boardview/3/790,2020.04.06
529,코로나19 사태에 따른 추가 학사조치 안내(4차),https://www.deu.ac.kr/www/boardview/3/789,2020.03.30
528,코로나19 확산 방지를 위한 '사회적 거리두기' 캠페인 안내  ,https://www.deu.ac.kr/www/boardview/3/788,2020.03.25
527,연구실 안전관리시스템 운영 안내  ,https://www.deu.ac.kr/www/boardview/3/787,2020.03.23
526,"[중앙도서관] 신입생 도서관 전자자료(전자책, 동영상강좌) 이용안내",https://www.deu.ac.kr/www/boardview/3/786,2020.03.23
525,[중앙도서관]중앙도서관 휴관으로 온라인 수업기간 동안 임시 도서 대출 시...,https://www.deu.ac.kr/www/boardview/3/785,2020.03.23
524,코로나19 확산에 따른 등교일 추가연기 및 온라인 수업 안내(3차)  ,https://www.deu.ac.kr/www/boardview/3/784,2020.03.19
523,코로나-19로 인한 예비군훈련 일정 재연기 및 훈련 변경사항 안내,https://www.deu.ac.kr/www/boardview/3/783,2020.03.18
522,2020학년도 1학기 등록금 분할2차 납부 안내,https://www.deu.ac.kr/www/boardview/3/782,2020.03.17
521,2020년 봄철 대형산불 특별대책기간 공고 및 중점추진 대책 알림  ,https://www.deu.ac.kr/www/boardview/3/781,2020.03.16
520,[학생상담센터] 코로나19에 따른 학생상담센터 이용안내 공지  ,https://www.deu.ac.kr/www/boardview/3/780,2020.03.13
519,코로나19 확산에 따른 등교일 추가연기 및 온라인 수업 안내(2차)  ,https://www.deu.ac.kr/www/boardview/3/775,2020.03.03
518,주차안내  ,https://www.deu.ac.kr/www/boardview/3/774,2020.02.28
517,"2020학년도 추가모집(1차,2차) 충원합격자 발표(최종)",https://www.deu.ac.kr/www/boardview/3/772,2020.02.27
516,공통교양(기본교양) 수강신청 관련 주의사항(2~5학년 필독!!),https://www.deu.ac.kr/www/boardview/3/767,2020.02.26
515,코로나19 총력대응을 위한 「미세먼지 고농도계절 공공 2부제」일시 중지 ...,https://www.deu.ac.kr/www/boardview/3/766,2020.02.26
514,2020학년도 신입생 대학생활 가이드북  ,https://www.deu.ac.kr/www/boardview/3/762,2020.02.25
513,교내 시설물 사용 금지 안내(코로나19 관련),https://www.deu.ac.kr/www/boardview/3/761,2020.02.24
512,2020 전기  편입생 대상 학과 오리엔테이션  미실시에 따른 편입생 필...  ,https://www.deu.ac.kr/www/boardview/3/760,2020.02.24
511,2020학년도 신입생 필독사항(학사 주요사항 안내)  ,https://www.deu.ac.kr/www/boardview/3/758,2020.02.21
510,코로나-19로 인한 예비군훈련 일정 변경 및 학생 예비군 안내,https://www.deu.ac.kr/www/boardview/3/757,2020.02.20
509,2019학년도 대학혁신지원사업 뉴스레터,https://www.deu.ac.kr/www/boardview/3/756,2020.02.19
508,2020학년도 1학기 차량등록신청 안내  ,https://www.deu.ac.kr/www/boardview/3/755,2020.02.18
507,2020학년도 정시모집 8차(최종) 충원합격자 발표,https://www.deu.ac.kr/www/boardview/3/754,2020.02.17
506,2020학년도 전기편입생모집 3차(최종) 충원합격자 발표,https://www.deu.ac.kr/www/boardview/3/751,2020.02.13
505,개정 학칙 공포(2020-1호)  ,https://www.deu.ac.kr/www/boardview/3/749,2020.02.13
504,2020학년도 1학기 수강신청 안내  ,https://www.deu.ac.kr/www/boardview/3/748,2020.02.13
503,2020학년도 1학기 개강 연기 관련 안내,https://www.deu.ac.kr/www/boardview/3/740,2020.02.11
502,2019학년도 전기 학위수여식 행사 취소 안내,https://www.deu.ac.kr/www/boardview/3/736,2020.02.07
501,2020학년도 1학기 시외통학버스 신청 안내(재공지)  ,https://www.deu.ac.kr/www/boardview/3/733,2020.02.05
500,2020학년도 신입생 오리엔테이션등 행사 취소 안내,https://www.deu.ac.kr/www/boardview/3/732,2020.02.05
499,대학생 교직원 복지몰 '교육할인스토어' 안내,https://www.deu.ac.kr/www/boardview/3/730,2020.02.04
498,[긴급] 2월 5일(수) 통합 DB서버 점검 안내,https://www.deu.ac.kr/www/boardview/3/729,2020.02.04
497,[교육부] 신종코로나 바이러스 감염증 예방수칙 다국언어 번역본 공유 안내,https://www.deu.ac.kr/www/boardview/3/728,2020.02.04
496,2020년 봄철 산불조심기간 공고 알림,https://www.deu.ac.kr/www/boardview/3/725,2020.01.30
495,[교육부]청렴서한문,https://www.deu.ac.kr/www/boardview/3/724,2020.01.28
494,2020학년도 1학기 시간제등록생 모집 안내  ,https://www.deu.ac.kr/www/boardview/3/721,2020.01.21
493,"[중앙도서관] ]""플라이북 스크린"" 도입에 따른 이용안내 : AI도서추천",https://www.deu.ac.kr/www/boardview/3/720,2020.01.16
492,2020학년도 1학기 장기 현장실습(인턴십) 학생참여 안내  ,https://www.deu.ac.kr/www/boardview/3/719,2020.01.16
491,교내 퍼스널모빌리티(전동킥보드 등) 사용 안전관리 안내,https://www.deu.ac.kr/www/boardview/3/716,2020.01.11
490,[학생복지처 학생지원팀] 설연휴 학생 안전 유의사항  ,https://www.deu.ac.kr/www/boardview/3/715,2020.01.08
489,학칙 개정안 공고 (2020-1호)  ,https://www.deu.ac.kr/www/boardview/3/713,2020.01.03
488,개정 학칙 공포(2019-1호)  ,https://www.deu.ac.kr/www/boardview/3/712,2020.01.03
487,[중앙도서관] 타 대학 도서관 일반열람실 이용 안내,https://www.deu.ac.kr/www/boardview/3/710,2019.12.30
486,교육비납입증명서 발급 방법 안내,https://www.deu.ac.kr/www/boardview/3/709,2019.12.27
485,2020학년도 1학기 복학 안내,https://www.deu.ac.kr/www/boardview/3/708,2019.12.26
484,수덕전(학생회관) 석면해체 공사로 인한 출입 통제 안내 2019.12.2...,https://www.deu.ac.kr/www/boardview/3/702,2019.12.18
483,2019학년도 연구실 정기안전점검 및 정밀안전진단 결과 공표  ,https://www.deu.ac.kr/www/boardview/3/700,2019.12.17
482,2020학년도 1학기 휴학 안내,https://www.deu.ac.kr/www/boardview/3/697,2019.12.13
481,[중앙도서관] 2020년도 동영상 강좌 무료 이용 안내,https://www.deu.ac.kr/www/boardview/3/696,2019.12.11
480,2019학년도 대학입학전형의 사교육영향평가를 위한 설문조사 실시,https://www.deu.ac.kr/www/boardview/3/695,2019.12.10
479,2019학년도 동계 단기 인턴십(현장실습) 학생참여 안내(기간연장!)  ,https://www.deu.ac.kr/www/boardview/3/693,2019.12.04
478,2020학년도 1학기 재입학 안내,https://www.deu.ac.kr/www/boardview/3/692,2019.12.02
477,학칙 개정안 공고(2019-1호)  ,https://www.deu.ac.kr/www/boardview/3/691,2019.12.02
476,"[중앙도서관] 2020년 신규구독 전자자료 - ""에듀윌"" 공무원 동영상 ...",https://www.deu.ac.kr/www/boardview/3/690,2019.11.28
475,[중앙도서관] 12월 목요영화제 상영 안내  ,https://www.deu.ac.kr/www/boardview/3/689,2019.11.28
474,[중앙도서관] 도서관과 함께하는 인권영화상영회 안내  ,https://www.deu.ac.kr/www/boardview/3/687,2019.11.27
473,2020년 동계 대학생 행정체험사업 시행 및 참여 안내  ,https://www.deu.ac.kr/www/boardview/3/686,2019.11.26
472,"[중앙도서관]""자료반납 연체자 대출중지 해제"" 시행 안내",https://www.deu.ac.kr/www/boardview/3/685,2019.11.25
471,[전산정보원] 신규 무선 인터넷 사용 매뉴얼 안내  ,https://www.deu.ac.kr/www/boardview/3/684,2019.11.21
470,[공학교육혁신센터] 2019학년도 학생 포트폴리오 대상자별 일정 안내,https://www.deu.ac.kr/www/boardview/3/683,2019.11.21
469,[중앙도서관] 3.3(삼삼)한 대출 이벤트 안내  ,https://www.deu.ac.kr/www/boardview/3/682,2019.11.21
468,"[중앙도서관] ""대출권수 및 대출기간 확대"" 안내",https://www.deu.ac.kr/www/boardview/3/681,2019.11.21
467,2019학년도 동계 기술분야 현장실습(인턴십) 참여 안내  ,https://www.deu.ac.kr/www/boardview/3/679,2019.11.15
466,2019학년도 2학기 등록금 분할4차 납부 안내,https://www.deu.ac.kr/www/boardview/3/677,2019.11.15
465,부산교통공사 취업 전략 특강,https://www.deu.ac.kr/www/boardview/3/675,2019.11.12
464,아프리카돼지열병 관련 참고 자료 및 멧돼지 발견 시 상황별 행동요령 안내  ,https://www.deu.ac.kr/www/boardview/3/674,2019.11.06
463,"[중앙도서관] 2019 ""온라인 정보검색대회"" 개최",https://www.deu.ac.kr/www/boardview/3/673,2019.11.06
462,[중앙도서관] 2019-2학기 학술DB 이용자 교육 실시,https://www.deu.ac.kr/www/boardview/3/671,2019.11.05
461,2019학년도 제1회 외국인 유학생 페스티발 행사 개최 안내  ,https://www.deu.ac.kr/www/boardview/3/670,2019.11.05
460,2019학년도 학생 포트폴리오 경진대회(첨부자료 배포)  ,https://www.deu.ac.kr/www/boardview/3/669,2019.11.04
459,진(進)로 취(就)업 Festival 행사로 지천관 주차장 일부 통제  ,https://www.deu.ac.kr/www/boardview/3/667,2019.11.01
458,[중앙도서관] 11월 목요영화제 상영 안내  ,https://www.deu.ac.kr/www/boardview/3/665,2019.10.31
457,제39회 동의가족 이웃사랑 헌혈릴레이 행사 안내,https://www.deu.ac.kr/www/boardview/3/661,2019.10.30
456,[대학혁신지원사업] 지역재생 대학생(원) 아이디어 공모  ,https://www.deu.ac.kr/www/boardview/3/658,2019.10.25
455,2019 재난대응 안전한국훈련 지진대피 훈련 알림  ,https://www.deu.ac.kr/www/boardview/3/657,2019.10.24
454,2019학년도 2학기 등록금 분할3차 납부 안내,https://www.deu.ac.kr/www/boardview/3/656,2019.10.21
453,중앙도서관 독서 PT 경연대회 신청 안내  ,https://www.deu.ac.kr/www/boardview/3/655,2019.10.14
452,2019년 재난대응 안전한국훈련! 우리의 관심과 참여로 완성됩니다.,https://www.deu.ac.kr/www/boardview/3/654,2019.10.11
451,Windows 7의 지원 종료 안내,https://www.deu.ac.kr/www/boardview/3/653,2019.10.07
450,[대학혁신지원사업]중앙도서관 저자초청 강연회 & 독서캠프 참가 신청 마감  ,https://www.deu.ac.kr/www/boardview/3/652,2019.10.02
449,스마트 그린포트 시대를 대비한 서산 대산항 발전전략 토론회 논문 및 아이...,https://www.deu.ac.kr/www/boardview/3/651,2019.10.01
448,[중앙도서관] 10월 목요영화제 상영 안내  ,https://www.deu.ac.kr/www/boardview/3/650,2019.09.26
447,이륜차 불법(미등록·안전모 미착용 등)운행 집중단속  ,https://www.deu.ac.kr/www/boardview/3/649,2019.09.25
446,[중앙도서관] 2019학년도 2학기 도서관 이용자 교육 안내  ,https://www.deu.ac.kr/www/boardview/3/648,2019.09.25
445,[중앙도서관] '2019 원북원부산 사진 전시회' 개최,https://www.deu.ac.kr/www/boardview/3/647,2019.09.24
444,2019학년도 2학기 등록금 분할2차 납부 안내,https://www.deu.ac.kr/www/boardview/3/646,2019.09.19
443,2019 한·일·중 3국 협력 논문 경진대회 개최 안내  ,https://www.deu.ac.kr/www/boardview/3/645,2019.09.11
442,2019년 예비군 1차보충훈련 공고,https://www.deu.ac.kr/www/boardview/3/644,2019.09.10
441,2019 대학야구 U리그 왕중왕전 결승 진출(결승전 10일 오전 11시),https://www.deu.ac.kr/www/boardview/3/643,2019.09.09
440,[학생상담센터]19학년도 상담뉴스레터 마음우체통 1호 발간  ,https://www.deu.ac.kr/www/boardview/3/642,2019.09.05
439,[중앙도서관] '2019 원북원부산 연계 프로그램’ 이벤트 실시,https://www.deu.ac.kr/www/boardview/3/641,2019.09.05
438,[LINC+사업] 2019-2학기 캡스톤디자인 운영 설명회 개최 안내,https://www.deu.ac.kr/www/boardview/3/640,2019.09.04
437,대학생 교직원 복지몰 '교육할인스토어' 안내,https://www.deu.ac.kr/www/boardview/3/639,2019.09.04
436,[교수학습개발센터] 2019-2학기 학습법 프로그램 신청 안내  ,https://www.deu.ac.kr/www/boardview/3/637,2019.08.30
435,[중앙도서관] 복합학습문화공간 [석당콜라보라운지] 9월 2일 OPEN  ,https://www.deu.ac.kr/www/boardview/3/636,2019.08.29
434,[중앙도서관] 9월 목요영화제 상영 안내  ,https://www.deu.ac.kr/www/boardview/3/635,2019.08.29
433,[중앙도서관] 2019 원북원부산 연계 프로그램 실시  ,https://www.deu.ac.kr/www/boardview/3/632,2019.08.19
432,2019학년도 2학기 차량등록신청 안내  ,https://www.deu.ac.kr/www/boardview/3/631,2019.08.16
431,[입학홍보처] 동행 진로진학체험전 행사 안내  ,https://www.deu.ac.kr/www/boardview/3/630,2019.08.16
430,[중앙도서관] 중앙도서관 휴관 연장 안내(2019.08.12. - 08....,https://www.deu.ac.kr/www/boardview/3/628,2019.08.09
429,2019학년도 2학기 시간제등록생 모집 안내  ,https://www.deu.ac.kr/www/boardview/3/625,2019.08.06
428,2019학년도 2학기 장기 현장실습(인턴십) 참여 안내  ,https://www.deu.ac.kr/www/boardview/3/624,2019.08.05
427,2019학년도 2학기 시외통학버스 신청 안내  ,https://www.deu.ac.kr/www/boardview/3/622,2019.08.05
426,[중앙도서관]중앙도서관 휴관에 따른 임시 대출·반납 안내,https://www.deu.ac.kr/www/boardview/3/620,2019.07.19
425,[긴급] 7월 18일(목) 전산정보원 시스템 보안패치 및 보안 시스템 점...,https://www.deu.ac.kr/www/boardview/3/617,2019.07.17
424,제11회 대학(원)생 논문공모전 안내  ,https://www.deu.ac.kr/www/boardview/3/615,2019.07.12
423,[중앙도서관] 중앙도서관 휴관 안내(2019.07.13. - 08.11....,https://www.deu.ac.kr/www/boardview/3/614,2019.07.05
422,타 대학 도서관 일반열람실 이용 안내,https://www.deu.ac.kr/www/boardview/3/613,2019.07.04
421,폭염 대비와 온열질환 예방을 위한 건강수칙 바로 알기  ,https://www.deu.ac.kr/www/boardview/3/612,2019.07.03
420,진드기 매개 감염병 예방 및 관리 방법 안내,https://www.deu.ac.kr/www/boardview/3/611,2019.07.03
419,구조 및 응급처치 교육(심폐소생술) 실시 알림 및 참석 협조 요청  ,https://www.deu.ac.kr/www/boardview/3/610,2019.07.01
418,「여름 휴가철 안전위험요인 집중 신고기간」 안내,https://www.deu.ac.kr/www/boardview/3/609,2019.06.27
417,"[중앙도서관] ""설민석 한국사능력검정강의"" 무료 이용 안내",https://www.deu.ac.kr/www/boardview/3/608,2019.06.26
416,"[중앙도서관] ""외국학술지지원센터 소장 논문"" 무료 이용 안내",https://www.deu.ac.kr/www/boardview/3/607,2019.06.24
415,교내시스템 비밀번호 변경 캠페인 실시,https://www.deu.ac.kr/www/boardview/3/606,2019.06.12
414,[긴급] 6월 7일(금) 전산정보원 시스템 보안패치 및 네트워크 망 구성...,https://www.deu.ac.kr/www/boardview/3/604,2019.06.04
413,2019학년도 하계계절수업 수업일정 및 현금등록기간  안내,https://www.deu.ac.kr/www/boardview/3/602,2019.06.03
412,[중앙도서관]학술DB 이용자 교육 안내,https://www.deu.ac.kr/www/boardview/3/601,2019.06.03
411,[중앙도서관] 하계방학 '전자책 대출' 이벤트 실시,https://www.deu.ac.kr/www/boardview/3/600,2019.06.03
410,2019학년도 2학기 재입학 안내,https://www.deu.ac.kr/www/boardview/3/599,2019.05.31
409,[LINC+사업] 미국 영사 특강,https://www.deu.ac.kr/www/boardview/3/598,2019.05.30
408,2019년 6월 원격저작권교육 안내 및 수강  ,https://www.deu.ac.kr/www/boardview/3/597,2019.05.30
407,2020학년도 DEU학생부종합전형 가이드북  ,https://www.deu.ac.kr/www/boardview/3/596,2019.05.29
406,"학사지원팀(구, 학생서비스센터 포함) 사무실 이전 안내",https://www.deu.ac.kr/www/boardview/3/594,2019.05.24
405,아프리카돼지열병 국내유입 예방 수칙 홍보  ,https://www.deu.ac.kr/www/boardview/3/592,2019.05.22
404,2019 연구실 안전 콘텐츠 공모전 안내,https://www.deu.ac.kr/www/boardview/3/591,2019.05.22
403,[중앙도서관]학술DB 이용자 교육 안내,https://www.deu.ac.kr/www/boardview/3/585,2019.05.14
402,부산지역 버스노조파업에 따른 학생수송대책 안내문,https://www.deu.ac.kr/www/boardview/3/584,2019.05.13
401,2019년 연구실안전 주간 운영 안내,https://www.deu.ac.kr/www/boardview/3/583,2019.05.13
400,2019학년도 1학기 등록금 분할4차 납부 안내,https://www.deu.ac.kr/www/boardview/3/582,2019.05.10
399,[LINC+사업]하계 계절학기 융복합캡스톤디자인 수강신청 안내,https://www.deu.ac.kr/www/boardview/3/581,2019.05.10
398,[LINC+사업] 2019-1학기 캡스톤디자인 경진대회 개최  ,https://www.deu.ac.kr/www/boardview/3/580,2019.05.10
397,"""이륜차 미등록·안전모 미착용 운행"" 집중단속 안내  ",https://www.deu.ac.kr/www/boardview/3/578,2019.05.03
396,2019-1학기 학습지원 프로그램 신청 안내,https://www.deu.ac.kr/www/boardview/3/574,2019.05.02
395,[중앙도서관] 5월 수요영화제(5월15일) 안내  ,https://www.deu.ac.kr/www/boardview/3/573,2019.05.02
394,2019 부산지역 특허전략 경진대회(동의대학교 주관)  ,https://www.deu.ac.kr/www/boardview/3/572,2019.05.02
393,제38회 동의가족 이웃사랑 헌혈릴레이 결과,https://www.deu.ac.kr/www/boardview/3/570,2019.04.26
392,[국가안전정책대학원] 초청특강 안내,https://www.deu.ac.kr/www/boardview/3/569,2019.04.24
391,2019년 파란사다리 프로그램 1차 서류통과자 면접안내_본교생,https://www.deu.ac.kr/www/boardview/3/568,2019.04.24
390,"[중앙도서관] 2019년 구독  ""동영상 강좌"" 무료 이용 안내",https://www.deu.ac.kr/www/boardview/3/567,2019.04.22
389,[중앙도서관] 2019학년 1학기 도서관 이용자 교육 안내  ,https://www.deu.ac.kr/www/boardview/3/561,2019.04.17
388,2019년 파란사다리 프로그램 면접안내_타교생용,https://www.deu.ac.kr/www/boardview/3/560,2019.04.16
387,2019학년도 1학기 등록금 분할3차 납부 안내,https://www.deu.ac.kr/www/boardview/3/559,2019.04.16
386,[LINC+사업] MPP(Microsoft Professional Pro...  ,https://www.deu.ac.kr/www/boardview/3/558,2019.04.15
385,2019년도 학생 예비군 훈련 공고,https://www.deu.ac.kr/www/boardview/3/556,2019.04.15
384,[LINC+사업] 한국마이크로소프트사 4차 산업혁명 시대 관련 특강안내(...,https://www.deu.ac.kr/www/boardview/3/555,2019.04.15
383,[중앙도서관] '차 한 잔의 여유' 행사(2019.4.22.) 안내,https://www.deu.ac.kr/www/boardview/3/553,2019.04.15
382,강원 동해안 일원 산불피해 국민 성금 모금 안내  ,https://www.deu.ac.kr/www/boardview/3/552,2019.04.12
381,2019년도 학생예비군 동원보충대대훈련 안내,https://www.deu.ac.kr/www/boardview/3/551,2019.04.10
380,주차안내,https://www.deu.ac.kr/www/boardview/3/550,2019.04.09
379,2019년 파란사다리프로그램 설명회 참가 안내,https://www.deu.ac.kr/www/boardview/3/549,2019.04.04
378,에티오피아 주한대사 특강,https://www.deu.ac.kr/www/boardview/3/547,2019.04.03
377,4월 4일(목) 전산정보원 시스템 보안패치 안내,https://www.deu.ac.kr/www/boardview/3/546,2019.04.03
376,제11기 동의대 홍보대사 최종 합격자 발표,https://www.deu.ac.kr/www/boardview/3/545,2019.03.28
375,"2019년 파란사다리(캐나다, 호주, 일본 단기해외연수)프로그램 참가 안...  ",https://www.deu.ac.kr/www/boardview/3/544,2019.03.28
374,제38회 동의가족 이웃사랑 헌혈릴레이  안내,https://www.deu.ac.kr/www/boardview/3/543,2019.03.28
373,제11기 동의대 홍보대사 서류 합격자 발표(면접 안내),https://www.deu.ac.kr/www/boardview/3/542,2019.03.26
372,2019학년도 1학기 등록금 분할2차 납부 안내,https://www.deu.ac.kr/www/boardview/3/541,2019.03.18
371,주차 안내,https://www.deu.ac.kr/www/boardview/3/540,2019.03.15
370,대표홈페이지 교체 작업 안내,https://www.deu.ac.kr/www/boardview/3/539,2019.03.13
369,주차권 사용범위 및 비치장소  ,https://www.deu.ac.kr/www/boardview/3/538,2019.03.12
368,2019년 중앙도서관 구입 전자자료 안내(3) - 아이티고  ,https://www.deu.ac.kr/www/boardview/3/537,2019.03.11
367,2019년 중앙도서관 구입 전자자료 안내(2) -설민석 한국사능력검정강의,https://www.deu.ac.kr/www/boardview/3/536,2019.03.11
366,2019년 중앙도서관 구입 전자자료 안내(1) - 해커스인강  ,https://www.deu.ac.kr/www/boardview/3/535,2019.03.11
365,2019 부산 공공기관 합동채용설명회(3/14) 안내  ,https://www.deu.ac.kr/www/boardview/3/534,2019.03.08
364,2019 전자정보박람회 개최 안내,https://www.deu.ac.kr/www/boardview/3/533,2019.03.06
363,2019년도 동의대학교 예비군훈련 안내,https://www.deu.ac.kr/www/boardview/3/532,2019.03.06
362,출판물 불법복제 단속계획 안내,https://www.deu.ac.kr/www/boardview/3/531,2019.03.05
361,중앙도서관 3월 수요영화제 상영,https://www.deu.ac.kr/www/boardview/3/530,2019.03.04
360,2019학년도 신입생 도서관 이용자 교육 안내,https://www.deu.ac.kr/www/boardview/3/529,2019.03.04
359,청년TLO 합격자 통보 및 오리엔테이션 안내,https://www.deu.ac.kr/www/boardview/3/528,2019.02.28
358,2019학년도 1학기 차량등록신청 안내  ,https://www.deu.ac.kr/www/boardview/3/526,2019.02.25
357,2019학년도 신입생 오리엔테이션 행정부서 업무 및 프로그램 안내  ,https://www.deu.ac.kr/www/boardview/3/524,2019.02.20
356,2019학년도 1학기 시외통학버스 신청 안내   ,https://www.deu.ac.kr/www/boardview/3/523,2019.02.14
355,2018학년도 전기 학위수여식 일정 안내,https://www.deu.ac.kr/www/boardview/3/522,2019.02.14
354,2019년 대학생 교육할인 안내,https://www.deu.ac.kr/www/boardview/3/520,2019.02.11
353,2019학년도 신입생 오리엔테이션 및 신입생 학부모 초청 비전 설명회,https://www.deu.ac.kr/www/boardview/3/519,2019.02.07
352,2019년 봄철 '산불조심기간' 알림,https://www.deu.ac.kr/www/boardview/3/517,2019.01.28
351,교육비 납입증명서 출력방법 안내,https://www.deu.ac.kr/www/boardview/3/516,2019.01.15
350,타 대학 도서관 일반열람실 이용 안내,https://www.deu.ac.kr/www/boardview/3/515,2019.01.04
349,개정학칙공포  ,https://www.deu.ac.kr/www/boardview/3/514,2018.12.28
348,장애인 전용주차장 비장애인 차량 주차금지 안내,https://www.deu.ac.kr/www/boardview/3/513,2018.11.29
347,동의대학교 학칙개정안 공고 제2018-2호   ,https://www.deu.ac.kr/www/boardview/3/512,2018.11.26
346,교내 소방시설 작동기능점검 및 종합정밀점검 실시,https://www.deu.ac.kr/www/boardview/3/510,2018.11.26
345,2018학년도 2학기 등록금 분할 4차 납부 안내,https://www.deu.ac.kr/www/boardview/3/509,2018.11.19
344,동의대학교 학생예비군 관련 안내,https://www.deu.ac.kr/www/boardview/3/507,2018.11.08
343,학사DB 업그레이드에 따른 모바일학생증 사용 오류발생 시 안내,https://www.deu.ac.kr/www/boardview/3/506,2018.11.08
342,증명서 발급 일시중지 안내,https://www.deu.ac.kr/www/boardview/3/505,2018.11.08
341,3.3(삼삼)한 대출 이벤트 안내,https://www.deu.ac.kr/www/boardview/3/504,2018.11.06
340,[LINC+사업] 2018 산학협력엑스포 안내,https://www.deu.ac.kr/www/boardview/3/503,2018.11.05
339,[LINC+사업] 특화프로그램 '안전시리즈' 특강 안내,https://www.deu.ac.kr/www/boardview/3/502,2018.10.30
338,KB국민카드 체크카드 학생증 신청방법 및 수령방법 안내  ,https://www.deu.ac.kr/www/boardview/3/501,2018.10.26
337,2018학년도 2학기 등록금 분할 3차 납부 안내,https://www.deu.ac.kr/www/boardview/3/500,2018.10.24
336,[PRIME사업] 2018 인문학 똑똑(讀讀)!! - 명사 초청특강,https://www.deu.ac.kr/www/boardview/3/499,2018.10.15
335,"중앙도서관 ""10월 수요영화제"" 상영",https://www.deu.ac.kr/www/boardview/3/498,2018.10.04
334,2018년 예비군 1차보충훈련 공고,https://www.deu.ac.kr/www/boardview/3/497,2018.10.02
333,[LINC+사업] 총영사에게 듣는 문화+통상+관광 특강 안내,https://www.deu.ac.kr/www/boardview/3/496,2018.09.20
332, [PRIME사업] 2018 PRIME WEEK 명사특강(작가 채사장 초...  ,https://www.deu.ac.kr/www/boardview/3/495,2018.09.19
331,[PRIME사업] 2018 PRIME WEEK 개최 안내  ,https://www.deu.ac.kr/www/boardview/3/494,2018.09.19
330,제20회 동의대학교 특허관리사 자격시험 합격자 안내,https://www.deu.ac.kr/www/boardview/3/493,2018.09.18
329,2018학년도 2학기 등록금 분할 2차 납부 안내,https://www.deu.ac.kr/www/boardview/3/492,2018.09.17
328,대학 환경 진단 평가 설문조사 실시 관련 설문기간 연장 안내  ,https://www.deu.ac.kr/www/boardview/3/491,2018.09.14
327,[LINC+사업] 2018학년도 2학기 캡스톤디자인 운영 설명회 안내,https://www.deu.ac.kr/www/boardview/3/490,2018.09.12
326,2018학년도 2학기 모바일 학생증 및 교직원 모바일증 시행  ,https://www.deu.ac.kr/www/boardview/3/487,2018.09.11
325,2018-2학기 교내 주차위반 단속 안내   ,https://www.deu.ac.kr/www/boardview/3/486,2018.09.10
324,[동의교육융합센터] Makers 교육 3회차 (로봇키트를 활용한 코딩교육...,https://www.deu.ac.kr/www/boardview/3/485,2018.09.06
323,[동의융합교육센터] 혁신기술엑스포 견학 안내,https://www.deu.ac.kr/www/boardview/3/484,2018.09.06
322,"중앙도서관 ""9월 수요영화제"" 상영",https://www.deu.ac.kr/www/boardview/3/482,2018.09.05
321,대학생 불법 다단계 피해예방 안내  ,https://www.deu.ac.kr/www/boardview/3/481,2018.09.04
320,교육비납입증명서 발급방법 안내,https://www.deu.ac.kr/www/boardview/3/480,2018.09.03
319,대학가 가을 신학기 출판물 불법복제 단속관련 안내,https://www.deu.ac.kr/www/boardview/3/479,2018.09.03
318,"중앙도서관 ""2018학년도 전자정보박람회"" 개최",https://www.deu.ac.kr/www/boardview/3/478,2018.08.31
317,[LINC+사업] 2018학년도 2학기 캡스톤디자인 운영 안내,https://www.deu.ac.kr/www/boardview/3/476,2018.08.30
316,2018 부산지역 특허전략 경진대회 수상자 및 시상식 안내,https://www.deu.ac.kr/www/boardview/3/475,2018.08.29
315,교내 폐기물 처리 안내  ,https://www.deu.ac.kr/www/boardview/3/474,2018.08.13
314,2018학년도 2학기 등록금 납부 안내 ,https://www.deu.ac.kr/www/boardview/3/473,2018.08.13
313,2018학년도 2학기 차량등록신청 안내  ,https://www.deu.ac.kr/www/boardview/3/472,2018.08.09
312,2018학년도 2학기 시외통학버스 신청 안내  ,https://www.deu.ac.kr/www/boardview/3/471,2018.08.03
311,타 대학 도서관 일반열람실 이용 안내,https://www.deu.ac.kr/www/boardview/3/469,2018.07.02
310,2018 국민행복포럼 안내,https://www.deu.ac.kr/www/boardview/3/468,2018.06.22
309,학생경력관리포탈시스템(DAP) 시범 운영 및 활동 내용 안내  ,https://www.deu.ac.kr/www/boardview/3/466,2018.06.20
308,2018년 6월「재난안전 상황 분석 결과」및 중점관리 대상 재난안전사고 ...  ,https://www.deu.ac.kr/www/boardview/3/465,2018.06.18
307,2018년 예비군 훈련 공고,https://www.deu.ac.kr/www/boardview/3/464,2018.06.07
306,교내 소방시설 종합정밀점검 실시 안내,https://www.deu.ac.kr/www/boardview/3/463,2018.05.24
305,갑질 신고 안내  ,https://www.deu.ac.kr/www/boardview/3/462,2018.05.24
304,"중앙도서관 ""3·3(삼삼)한 대출 이벤트"" 시행",https://www.deu.ac.kr/www/boardview/3/461,2018.05.23
303,2018학년도 1학기 등록금 분할 4차 납부 안내,https://www.deu.ac.kr/www/boardview/3/459,2018.05.14
302,[전산정보원] 5월 15일(화) 전산정보원 시스템 보안패치 안내,https://www.deu.ac.kr/www/boardview/3/458,2018.05.14
301,[안전관리팀] 교내 장기간 방치된 이륜차(오토바이) 정리 안내,https://www.deu.ac.kr/www/boardview/3/457,2018.05.11
300,재활용품 분리배출 방법 안내,https://www.deu.ac.kr/www/boardview/3/456,2018.05.09
299,동의대학교 학생을 위한 KB국민은행 찾아가는 Branch[이동점포]를 이...,https://www.deu.ac.kr/www/boardview/3/451,2018.04.25
298,제15회 도서관 우수 이용자상 수상자 및 시상식 안내,https://www.deu.ac.kr/www/boardview/3/450,2018.04.16
297,2018학년도 1학기 등록금 분할 3차 납부 안내,https://www.deu.ac.kr/www/boardview/3/449,2018.04.16
296,[중앙도서관] '차 한 잔의 여유' 행사 안내,https://www.deu.ac.kr/www/boardview/3/447,2018.04.12
295,[PRIME사업] 동의대학교 PRIME사업 홍보 동영상,https://www.deu.ac.kr/www/boardview/3/446,2018.04.12
294,학생상담센터 이전 축하데이 안내,https://www.deu.ac.kr/www/boardview/3/445,2018.04.10
293,"미국 California State University, Sacramen...",https://www.deu.ac.kr/www/boardview/3/443,2018.03.23
292,2018 동의대학교 전공알림단 서류전형 합격자 발표,https://www.deu.ac.kr/www/boardview/3/442,2018.03.21
291,"금일(2018.03.21) 강설로 인하여 1,2교시 휴강안내(3교시부터 ...",https://www.deu.ac.kr/www/boardview/3/441,2018.03.21
290,2018학년도 1학기 등록금 분할 2차 납부 안내,https://www.deu.ac.kr/www/boardview/3/440,2018.03.19
289,2018년 예비군훈련 공고  ,https://www.deu.ac.kr/www/boardview/3/438,2018.03.15
288,제10회 동의대학교 총장배 OPEN전국 태권도품새대회  ,https://www.deu.ac.kr/www/boardview/3/437,2018.03.13
287,교내 주차위반 단속 안내  ,https://www.deu.ac.kr/www/boardview/3/436,2018.03.13
286,개정학칙공포  ,https://www.deu.ac.kr/www/boardview/3/435,2018.03.13
285,제3회 서해수호의 날 안내,https://www.deu.ac.kr/www/boardview/3/434,2018.03.09
284,동의대학교 학칙개정안 공고 제2018-1호   ,https://www.deu.ac.kr/www/boardview/3/432,2018.02.27
283,2018학년도 1학기 시외통학버스 운행 노선별 증차 안내,https://www.deu.ac.kr/www/boardview/3/431,2018.02.21
282,2018학년도 신입생 새로배움터 행정부서 프로그램 안내  ,https://www.deu.ac.kr/www/boardview/3/430,2018.02.13
281,2018학년도 1학기 시외통학버스 신청 안내  ,https://www.deu.ac.kr/www/boardview/3/429,2018.02.09
280,2018학년도 1학기 차량등록신청 안내  ,https://www.deu.ac.kr/www/boardview/3/427,2018.02.08
279,2018학년도 1학기 등록금 납부 안내 ,https://www.deu.ac.kr/www/boardview/3/426,2018.02.07
278,2018학년도 신입생 입학식 행사일정 안내,https://www.deu.ac.kr/www/boardview/3/425,2018.02.06
277,[국민과 함께하는 안전한 대한민국 '2018 국가안전대진단'] 및 [설연...  ,https://www.deu.ac.kr/www/boardview/3/422,2018.01.31
276,2018학년도 신입생 새로배움터 및 신입생 학부모 초청 비전 설명회 개최,https://www.deu.ac.kr/www/boardview/3/421,2018.01.31
275,2018학년도 1학기 학자금 대출 안내,https://www.deu.ac.kr/www/boardview/3/420,2018.01.12
274,개정학칙공포  ,https://www.deu.ac.kr/www/boardview/3/419,2018.01.09
273,타 대학 도서관 일반열람실 이용 안내,https://www.deu.ac.kr/www/boardview/3/417,2018.01.04
272,정문 차량 차단시스템(정기권출구) 안내,https://www.deu.ac.kr/www/boardview/3/415,2017.12.22
271,"수정공원 공사 하행선, 상행선 통제 안내",https://www.deu.ac.kr/www/boardview/3/412,2017.12.18
270,PRIME사업 및 LINC+사업 공사안내,https://www.deu.ac.kr/www/boardview/3/411,2017.12.14
269,주거래은행 변경에 따른 안내  ,https://www.deu.ac.kr/www/boardview/3/410,2017.11.28
268,3·3(삼삼)한 대출 이벤트,https://www.deu.ac.kr/www/boardview/3/409,2017.11.27
267,교내 소방시설 작동기능점검 실시안내,https://www.deu.ac.kr/www/boardview/3/408,2017.11.24
266,수정공원 공사 상행선 통제 안내,https://www.deu.ac.kr/www/boardview/3/406,2017.11.22
265,모바일 재난안전정보 포털 앱 ‘안전디딤돌’ 설치 안내,https://www.deu.ac.kr/www/boardview/3/405,2017.11.22
264,[디그니타스교양교육연구소] DEU-LSC 인문교양인증제 장학금 신청 안내  ,https://www.deu.ac.kr/www/boardview/3/397,2017.11.02
263,무비데이(Movie Day) - 달달한 팝콘과 함께 힐링타임 -,https://www.deu.ac.kr/www/boardview/3/392,2017.10.25
262,[중앙도서관] 너의 시험을 응원해! 중앙도서관 차 한 잔의 여유,https://www.deu.ac.kr/www/boardview/3/386,2017.10.14
261,[디그니타스교양교육연구소] 인문교양 페스티벌「우리학교 이야기」수상팀 발표,https://www.deu.ac.kr/www/boardview/3/380,2017.09.21
260,[4개 대학 연합] PRIME 4U 캡스톤디자인 경진대회 개최,https://www.deu.ac.kr/www/boardview/3/379,2017.09.21
259,[PRIME사업] PRIME WEEK - 3D프린터 교육 및 제작 안내  ,https://www.deu.ac.kr/www/boardview/3/377,2017.09.18
258,[디그니타스교양교육연구소] 제1회 독서감상문 콘테스트 안내  ,https://www.deu.ac.kr/www/boardview/3/376,2017.09.18
257,[LINC+사업] 아이디어 난장 대회 1차 심사 결과 안내,https://www.deu.ac.kr/www/boardview/3/374,2017.09.15
256,[보건진료소] 풍진 항원 항체 무료 검사 안내,https://www.deu.ac.kr/www/boardview/3/370,2017.09.11
255,[창업보육센터_신청마감] 3D프린팅 메이커스 과정 교육 안내  ,https://www.deu.ac.kr/www/boardview/3/363,2017.09.06
254,2017-2학기 교수학습개발센터 프로그램 신청 안내,https://www.deu.ac.kr/www/boardview/3/361,2017.09.05
253,[디그니타스교양교육연구소] 2017 인문교양 페스티벌 『우리학교이야기』 ...  ,https://www.deu.ac.kr/www/boardview/3/359,2017.08.30
252,개교40주년기념 '2017 전자정보박람회' 개최,https://www.deu.ac.kr/www/boardview/3/358,2017.08.30
251,중앙도서관 '원북원부산 도서' 코너 설치 오픈 기념 이벤트,https://www.deu.ac.kr/www/boardview/3/357,2017.08.30
250,2017 도서관 이용자 교육 안내(학부생/대학원생) - 학과별 단위 신청,https://www.deu.ac.kr/www/boardview/3/356,2017.08.30
249,LINC+사업 아이디어 난장 대회  ,https://www.deu.ac.kr/www/boardview/3/355,2017.08.30
248,[PRIME사업]  명사특강,https://www.deu.ac.kr/www/boardview/3/353,2017.08.29
247,개정학칙공포  ,https://www.deu.ac.kr/www/boardview/3/350,2017.08.24
246,출판 불법복제물 단속관련 안내,https://www.deu.ac.kr/www/boardview/3/349,2017.08.23
245,"[LINC+] 기업 애로기술지원, 공용장비 구축지원 수요조사 공고  ",https://www.deu.ac.kr/www/boardview/3/346,2017.08.16
244,[LINC+] 산학공동 기술개발과제 지원계획 공고  ,https://www.deu.ac.kr/www/boardview/3/345,2017.08.16
243,4개 대학 연합 PRIME 4U 캡스톤디자인 경진대회 안내  ,https://www.deu.ac.kr/www/boardview/3/342,2017.08.11
242,2017학년도 2학기 차량등록신청 안내  ,https://www.deu.ac.kr/www/boardview/3/341,2017.08.11
241,2017학년도 2학기 시외통학버스 신청안내  ,https://www.deu.ac.kr/www/boardview/3/340,2017.08.09
240,2017학년도 2학기 등록금 납부 안내,https://www.deu.ac.kr/www/boardview/3/339,2017.08.09
239,성적평가규정 개정(안) 공지,https://www.deu.ac.kr/www/boardview/3/338,2017.08.01
238,청년 디딤돌 플랜 안내,https://www.deu.ac.kr/www/boardview/3/336,2017.07.25
237,타 대학 도서관 일반열람실 이용 안내  ,https://www.deu.ac.kr/www/boardview/3/335,2017.06.29
236,2017 PRIME 사업 블루바이오센터 교육프로그램 안내  ,https://www.deu.ac.kr/www/boardview/3/334,2017.06.13
235,2017년 예 비 군 훈 련 공 고,https://www.deu.ac.kr/www/boardview/3/333,2017.06.12
234,[창업교육센터] 성공창업설계 특강안내 ,https://www.deu.ac.kr/www/boardview/3/332,2017.06.12
233,정전예고 안내 (가야캠퍼스),https://www.deu.ac.kr/www/boardview/3/331,2017.06.12
232,너의 시험을 응원해! 중앙도서관 '차 한잔의 여유',https://www.deu.ac.kr/www/boardview/3/330,2017.06.08
231,제 7회 동의대학교 치위생학과(구강보건날 행사) 안내,https://www.deu.ac.kr/www/boardview/3/328,2017.06.01
230,예 비 군 훈 련 공 고  ,https://www.deu.ac.kr/www/boardview/3/327,2017.06.01
229,[긴급] 정전예고 안내 (가야캠퍼스),https://www.deu.ac.kr/www/boardview/3/323,2017.05.16
228,후원의 집 밝은성모안과 제휴할인 프로모션 안내  ,https://www.deu.ac.kr/www/boardview/3/322,2017.05.15
227,2017학년도 1학기 등록금 분할 4차 납부 안내,https://www.deu.ac.kr/www/boardview/3/321,2017.05.15
226,[2017 PRIME] 제2회 동의 아름다운 편지쓰기 콘테스트 안내  ,https://www.deu.ac.kr/www/boardview/3/320,2017.05.10
225,동의대학교앱 오동작에 따른 해결 안내,https://www.deu.ac.kr/www/boardview/3/318,2017.04.26
224,2017년 1학기 IPP사업단 특강 및 설명회 안내  ,https://www.deu.ac.kr/www/boardview/3/317,2017.04.25
223,특수재난분야 국민안전 동영상 콘텐츠 활용 안내  ,https://www.deu.ac.kr/www/boardview/3/314,2017.04.20
222,무비데이(Movie Day) - 달달한 팝콘과 함께 힐링타임 -,https://www.deu.ac.kr/www/boardview/3/312,2017.04.17
221,2017학년도 1학기 등록금 분할 3차 납부 안내,https://www.deu.ac.kr/www/boardview/3/310,2017.04.14
220,제14회 도서관 우수 이용자상 수상자 및 시상식 안내,https://www.deu.ac.kr/www/boardview/3/307,2017.04.10
219,너의 시험을 응원해! 중앙도서관 차 한 잔의 여유 ,https://www.deu.ac.kr/www/boardview/3/306,2017.04.10
218,2017-1학기 전공튜터링 외 8개 프로그램 신청 안내  ,https://www.deu.ac.kr/www/boardview/3/303,2017.04.05
217,2017-4기 저작권 아카데미 및 원격평생교육원 교육 안내  ,https://www.deu.ac.kr/www/boardview/3/302,2017.04.04
216,교내 비상사고 대응 매뉴얼 안내  ,https://www.deu.ac.kr/www/boardview/3/301,2017.03.30
215,2017 동의대학교 제9기 학생홍보대사 1차 서류전형 합격자 발표   ,https://www.deu.ac.kr/www/boardview/3/300,2017.03.27
214,2017년 1학기 IPP사업단 특강 개최 안내  ,https://www.deu.ac.kr/www/boardview/3/299,2017.03.17
213,2017학년도 1학기 등록금 분할 2차 납부 안내,https://www.deu.ac.kr/www/boardview/3/297,2017.03.16
212,보건진료소 3월 무료한방진료 일정 안내,https://www.deu.ac.kr/www/boardview/3/291,2017.03.07
211,2017학년도 1학기 수강정정 강의시간표안내,https://www.deu.ac.kr/www/boardview/3/289,2017.03.06
210,2017학년도 새내기새로배움터 행정부서 프로그램 안내  ,https://www.deu.ac.kr/www/boardview/3/288,2017.02.17
209,개정학칙공포  ,https://www.deu.ac.kr/www/boardview/3/285,2017.02.07
208,2016학년도 전기 학위수여식 학위복 대여 안내,https://www.deu.ac.kr/www/boardview/3/281,2017.02.03
207,2016학년도 전기 학위수여식 일정 안내,https://www.deu.ac.kr/www/boardview/3/273,2017.01.23
206,부·복수·융복합전공 신청기간 및 변경·취소기간 안내,https://www.deu.ac.kr/www/boardview/3/272,2017.01.19
205,졸업예정자 도서 대출중지 및 특별열람증 발급 안내,https://www.deu.ac.kr/www/boardview/3/271,2017.01.05
204,2016학년도 연말정산에 따른 교육비납입증명서 발급 안내,https://www.deu.ac.kr/www/boardview/3/270,2017.01.04
203,동의대학교 학칙개정안 공고 제2016-3호   ,https://www.deu.ac.kr/www/boardview/3/268,2016.12.20
202,타 대학 도서관 일반열람실 이용 안내  ,https://www.deu.ac.kr/www/boardview/3/267,2016.12.19
201,[PRIME사업] 동의창업역량강화캠프_성공창업캠프 안내,https://www.deu.ac.kr/www/boardview/3/266,2016.12.16
200,2016 동계 자매대학 한국어연수 프로그램_한 국 어 튜 터 모 집,https://www.deu.ac.kr/www/boardview/3/265,2016.12.16
199,지천관 증축 및 정보공학관 리모델링 공사에 따른 정전예고 안내,https://www.deu.ac.kr/www/boardview/3/264,2016.12.15
198,[PRIME사업] ♬ 대학생정신건강 : 노래가 함께하는 심리극장 ,https://www.deu.ac.kr/www/boardview/3/263,2016.11.24
197,2016학년도 2학기 등록금 분할4차 납부 안내,https://www.deu.ac.kr/www/boardview/3/261,2016.11.14
196,[PRIME사업] 명사특강,https://www.deu.ac.kr/www/boardview/3/260,2016.11.11
195,[동의대 예비군 연대] 종합보충훈련 일정 공고,https://www.deu.ac.kr/www/boardview/3/259,2016.11.10
194,[2016 PRIME사업] 인문학특강 안내,https://www.deu.ac.kr/www/boardview/3/257,2016.11.07
193,[2016 PRIME사업 인문학진흥] 수요 인문학콘서트 안내,https://www.deu.ac.kr/www/boardview/3/255,2016.11.01
192,[PRIME] 2016학년도 학습역량강화 ‘동의 아름다운 편지쓰기 Con...  ,https://www.deu.ac.kr/www/boardview/3/254,2016.11.01
191,2016학년도 상경대학 채용박람회 안내  ,https://www.deu.ac.kr/www/boardview/3/252,2016.10.24
190,2016 동의지천 콜라보 페스티벌 개최,https://www.deu.ac.kr/www/boardview/3/250,2016.10.20
189,2016학년도 2학기 등록금 분할3차 납부 안내,https://www.deu.ac.kr/www/boardview/3/249,2016.10.20
188, [PRIME사업]지천관 증축공사로 인한 주차금지 및 협조 안내 ,https://www.deu.ac.kr/www/boardview/3/248,2016.10.18
187,2016 ICT공과대학 제3회 ICT JOB FESTIVAL 개최 안내  ,https://www.deu.ac.kr/www/boardview/3/247,2016.10.17
186,2016 대한민국 행복교육박람회 개최 안내,https://www.deu.ac.kr/www/boardview/3/246,2016.10.13
185,청탁금지법 학생 및 학부모용 질의응답사례  ,https://www.deu.ac.kr/www/boardview/3/245,2016.10.13
184,예 비 군 보 충 훈 련 공 고 [일 정 변 경],https://www.deu.ac.kr/www/boardview/3/244,2016.10.12
183,너의 시험을 응원해! 중앙도서관 '차 한잔의 여유',https://www.deu.ac.kr/www/boardview/3/243,2016.10.11
182,2016 동의지천 콜라보 페스티벌 개최  ,https://www.deu.ac.kr/www/boardview/3/242,2016.10.11
181,개정학칙공포  ,https://www.deu.ac.kr/www/boardview/3/240,2016.10.06
180,‘자료반납 연체자 대출자격 회복’ 시행 -학교법인 동의학원 설립50주년 ...,https://www.deu.ac.kr/www/boardview/3/239,2016.10.05
179,2016.10.05(수) 수업 휴강안내,https://www.deu.ac.kr/www/boardview/3/238,2016.10.05
178,2016년 2학기 예비군 보충훈련 실시 안내,https://www.deu.ac.kr/www/boardview/3/237,2016.09.30
177,동의대학교 학칙개정안 공고 제2016-2호  ,https://www.deu.ac.kr/www/boardview/3/236,2016.09.30
176, [긴급] 9월 29일(목) 전산정보원 시스템 보안패치 및 시스템 점검 ...,https://www.deu.ac.kr/www/boardview/3/235,2016.09.28
175,청탁금지법 공무수행사인 공개 서식(동의대학교),https://www.deu.ac.kr/www/boardview/3/234,2016.09.26
174,2016학년도 2학기 등록금 분할2차 납부 안내,https://www.deu.ac.kr/www/boardview/3/233,2016.09.22
173,2016년 2학기 동의대학교 예비군 보충훈련 안내,https://www.deu.ac.kr/www/boardview/3/232,2016.09.22
172,[동영상] 부정 청탁 및 금품 등 수수의 금지에 관한 법률(‘청탁금지법’...  ,https://www.deu.ac.kr/www/boardview/3/231,2016.09.20
171,2016학년도 졸업예정자 학사모사진 찰영 및 추가납부(환불) 안내  ,https://www.deu.ac.kr/www/boardview/3/230,2016.09.19
170,2016-2학기 전체 재학생 대상 집단상담 프로그램 안내,https://www.deu.ac.kr/www/boardview/3/229,2016.09.09
169,학생상담센터 2016-2학기 집단상담 프로그램 안내,https://www.deu.ac.kr/www/boardview/3/228,2016.09.09
168,2016 동의대학교 중앙도서관 전자정보박람회 안내,https://www.deu.ac.kr/www/boardview/3/227,2016.08.30
167,[롯데그룹] 2016년 하반기 채용설명회 개최 안내,https://www.deu.ac.kr/www/boardview/3/226,2016.08.29
166,시외통학버스 탑승장소 안내(2016-2 시간 및 장소_3노선),https://www.deu.ac.kr/www/boardview/3/224,2016.08.18
165,2016학년도 2학기 주차등록시스템(차량번호인식:LPR) 차량등록신청 안...  ,https://www.deu.ac.kr/www/boardview/3/222,2016.08.11
164,2016학년도 등록금납부 안내,https://www.deu.ac.kr/www/boardview/3/221,2016.08.08
163,2016학년도 2학기 수강신청 및 강의시간표 안내,https://www.deu.ac.kr/www/boardview/3/220,2016.08.08
162,2016학년도 2학기 시외 통학버스 운행 안내문,https://www.deu.ac.kr/www/boardview/3/219,2016.08.05
161,2016학년도  Food Chemistry Camp 개최,https://www.deu.ac.kr/www/boardview/3/217,2016.06.30
160,특고압 전기설비 법정검사에 따른 정전예고 안내 (가야캠퍼스),https://www.deu.ac.kr/www/boardview/3/216,2016.06.17
159,2016학년도 대학의 교수·학습과정에 관한 설문조사,https://www.deu.ac.kr/www/boardview/3/215,2016.06.13
158,너의 시험을 응원해! 중앙도서관 '차 한잔의 여유',https://www.deu.ac.kr/www/boardview/3/214,2016.06.09
157,2016학년도 동의대학교 입학사정관 서류전형 합격자 발표,https://www.deu.ac.kr/www/boardview/3/213,2016.06.08
156, [긴급] 6월 1일(수) 전산정보원 시스템 보안패치 및 서버 점검 안내 ,https://www.deu.ac.kr/www/boardview/3/212,2016.05.31
155,제32회 전국 고교생 백일장 결과 발표,https://www.deu.ac.kr/www/boardview/3/211,2016.05.25
154,개정 학칙 공포  ,https://www.deu.ac.kr/www/boardview/3/210,2016.05.19
153,예 비 군 훈 련 공 고,https://www.deu.ac.kr/www/boardview/3/209,2016.05.17
152,2016학년도 1학기 등록금 분할4차 납부 안내,https://www.deu.ac.kr/www/boardview/3/208,2016.05.13
151,"대학생·교직원 복지몰, ‘교육할인스토어’ 오픈 안내",https://www.deu.ac.kr/www/boardview/3/207,2016.05.11
150,동의대학교 학칙개정안 공고 제2016-1호  ,https://www.deu.ac.kr/www/boardview/3/206,2016.05.04
149,우리가족의 행복지킴이 재난대응 안전한국훈련,https://www.deu.ac.kr/www/boardview/3/205,2016.04.29
148,「대학생 정신건강 및 성희롱 ·성폭력 예방 캠페인」,https://www.deu.ac.kr/www/boardview/3/204,2016.04.27
147,대학발전기금시스템 구축에 따른 개인정보 처리 업무 위탁 공지,https://www.deu.ac.kr/www/boardview/3/203,2016.04.26
146,2016년 제8회 동의대학교 사회봉사박람회 V-Fiesta,https://www.deu.ac.kr/www/boardview/3/202,2016.04.25
145,중앙도서관 전자책 대출 이벤트,https://www.deu.ac.kr/www/boardview/3/201,2016.04.25
144,너의 시험을 응원해!   중앙도서관    차 한 잔의 여유,https://www.deu.ac.kr/www/boardview/3/200,2016.04.15
143,2016학년도 1학기 등록금 분할3차 납부 안내,https://www.deu.ac.kr/www/boardview/3/199,2016.04.15
142,제13회 도서관 우수 이용자상 수상자 및 시상식 안내 ,https://www.deu.ac.kr/www/boardview/3/198,2016.04.11
141,2016 동의대학교 제8기 학생홍보대사 1차 서류전형 합격자 발표,https://www.deu.ac.kr/www/boardview/3/197,2016.04.04
140,선거관련 시설물 훼손 ‧ 철거 금지 안내,https://www.deu.ac.kr/www/boardview/3/196,2016.04.01
139,MS Office 365 사용안내  ,https://www.deu.ac.kr/www/boardview/3/195,2016.03.28
138,행복기숙사 입사 안내,https://www.deu.ac.kr/www/boardview/3/194,2016.03.22
137,[긴급] 3월 23일(수) 전산정보원 시스템 보안패치 및 서버 점검 안내,https://www.deu.ac.kr/www/boardview/3/193,2016.03.22
136,행복기숙사 일부 입사 결정에 관한 안내,https://www.deu.ac.kr/www/boardview/3/192,2016.03.17
135,2016학년도 1학기 등록금 분할2차 납부 안내,https://www.deu.ac.kr/www/boardview/3/191,2016.03.17
134,행복기숙사 입주예정자 원격(웹보조)강의 수강 안내  ,https://www.deu.ac.kr/www/boardview/3/186,2016.03.03
133,시외통학버스 시간표 공지(2016-1 시간 및 장소)   ,https://www.deu.ac.kr/www/boardview/3/185,2016.02.29
132,2016학년도 신입생 입학식 행사일정 안내,https://www.deu.ac.kr/www/boardview/3/182,2016.02.22
131,시외통학버스 선정자 공고,https://www.deu.ac.kr/www/boardview/3/180,2016.02.19
130,2016학년도 1학기 주차등록시스템(차량번호인식:LPR) 차량등록신청 안...  ,https://www.deu.ac.kr/www/boardview/3/177,2016.02.16
129,2016학년도 신입생 오리엔테이션 일정 안내,https://www.deu.ac.kr/www/boardview/3/176,2016.02.11
128,개정 학칙 공포  ,https://www.deu.ac.kr/www/boardview/3/172,2016.01.28
127,시외 통학버스 운행 안내문  ,https://www.deu.ac.kr/www/boardview/3/171,2016.01.22
126,2015학년도 전기 학위수여식 일정 안내,https://www.deu.ac.kr/www/boardview/3/170,2016.01.20
125,2015학년도 연말정산에 따른 교육비납입증명서 발급 안내,https://www.deu.ac.kr/www/boardview/3/169,2015.12.29
124,동의대학교 학칙개정안 공고 제2015-1호  ,https://www.deu.ac.kr/www/boardview/3/166,2015.12.11
123,2015년 글로벌커뮤니케이션연구소 주최 초청 강연 및 세미나 개최,https://www.deu.ac.kr/www/boardview/3/165,2015.12.09
122,"창업보육센터 ""창조경제와 청년들의 미래비젼"" 특강 개최",https://www.deu.ac.kr/www/boardview/3/164,2015.12.09
121,"""동의대학교 소공인특화지원센터 공동인프라 슈플레이스 범천"" 개소식 초청 ",https://www.deu.ac.kr/www/boardview/3/163,2015.12.08
120,제1회 동의대학교 3D프린팅 활용 컵드론 비행 경진대회  ,https://www.deu.ac.kr/www/boardview/3/162,2015.11.27
119,2015학년도 「취업동아리 페스티벌」안내,https://www.deu.ac.kr/www/boardview/3/161,2015.11.26
118,2015년도 파견 교환학생 “生生 체험” 발표대회 개최,https://www.deu.ac.kr/www/boardview/3/158,2015.11.23
117,테러 위험경보 상향(주의단계) 발령에 따른 각종 해외연수 주의 안내,https://www.deu.ac.kr/www/boardview/3/157,2015.11.20
116,무료치아교정 및 무료시력교정 수혜자 선발  ,https://www.deu.ac.kr/www/boardview/3/155,2015.11.06
115,2015년도 파견 교환학생 “生生 체험” 발표대회 개최  ,https://www.deu.ac.kr/www/boardview/3/154,2015.11.02
114,제2회 동의대학교 빅이벤트 2015 대학 호천 마을로 가다,https://www.deu.ac.kr/www/boardview/3/153,2015.10.29
113,학생야간잔류허가원 신청 및 결재,https://www.deu.ac.kr/www/boardview/3/151,2015.10.28
112,제31회 동의대 헌혈 릴레이,https://www.deu.ac.kr/www/boardview/3/150,2015.10.23
111,10월 22일(목) 교내 전산시스템 서비스 중지안내,https://www.deu.ac.kr/www/boardview/3/149,2015.10.21
110,2015학년도 상경대학 채용박람회 개최 안내  ,https://www.deu.ac.kr/www/boardview/3/147,2015.10.20
109,[안내문] 교내자동증명발급기 사용 중지,https://www.deu.ac.kr/www/boardview/3/142,2015.10.19
108,3D 모델링 및 드론 제작 교육 개최  ,https://www.deu.ac.kr/www/boardview/3/141,2015.10.15
107,2015년도 교육분야 ‘비정상의 정상화과제’ 홍보,https://www.deu.ac.kr/www/boardview/3/140,2015.10.14
106,제2회 ICT분야 창업아이디어 공모전 1차 서류평가 선정 팀 안내  ,https://www.deu.ac.kr/www/boardview/3/138,2015.10.08
105,2015년 대학 학부교육 실태조사를 위한 설문조사 참여,https://www.deu.ac.kr/www/boardview/3/136,2015.10.07
104,[One Click] 9월 학생 교육/진로/봉사 활동 지원 프로그램 안내,https://www.deu.ac.kr/www/boardview/3/134,2015.09.30
103,예 비 군 훈 련 공 고(보충),https://www.deu.ac.kr/www/boardview/3/133,2015.09.25
102,대학 교양기초교육 실태조사 ,https://www.deu.ac.kr/www/boardview/3/132,2015.09.24
101,2015학년도 졸업 학사모 사진촬영 안내,https://www.deu.ac.kr/www/boardview/3/130,2015.09.17
100,교육비납입증명서 출력방법 안내,https://www.deu.ac.kr/www/boardview/3/128,2015.09.10
99,제2회 ICT분야 창업아이디어 공모전   ,https://www.deu.ac.kr/www/boardview/3/127,2015.09.09
98,2015 - 2학기 동의지천 개별 학습컨설팅 신청 안내  ,https://www.deu.ac.kr/www/boardview/3/126,2015.09.09
97,2015 중앙도서관 전자정보박람회 개최,https://www.deu.ac.kr/www/boardview/3/123,2015.09.03
96,전자출결시스템 사용방법안내  ,https://www.deu.ac.kr/www/boardview/3/122,2015.09.01
95,진로?취업?창업 상담!! 2015 찾아가는 청년버스 (9/14~9/15),https://www.deu.ac.kr/www/boardview/3/120,2015.08.27
94,시외통학버스 탑승장소 및 시간 안내 ,https://www.deu.ac.kr/www/boardview/3/119,2015.08.26
93,자동증명발급기 결제방식 변경 및 증명서 발급 수수료 인상 안내,https://www.deu.ac.kr/www/boardview/3/118,2015.08.26
92,2015학년도 2학기 등록금 납부안내,https://www.deu.ac.kr/www/boardview/3/115,2015.08.12
91,2015학년도 2학기 주차등록시스템(차량번호인식:LPR) 시스템 신청 안...  ,https://www.deu.ac.kr/www/boardview/3/114,2015.08.10
90,교내 전산시스템 서비스 중지,https://www.deu.ac.kr/www/boardview/3/111,2015.07.31
89,2015학년도 동의대학교 입학사정관 최종합격자 발표 ,https://www.deu.ac.kr/www/boardview/3/110,2015.07.26
88,범천 4동 가죽·가방·신발 소공인회 개최 안내,https://www.deu.ac.kr/www/boardview/3/109,2015.07.24
87,2015학년도 동의대학교 입학사정관 서류전형 합격자 발표,https://www.deu.ac.kr/www/boardview/3/105,2015.07.23
86,시외 통학버스 운행 안내문(2015학년도 2학기),https://www.deu.ac.kr/www/boardview/3/103,2015.07.20
85,범천4동 가죽ㆍ가방ㆍ신발 소공인회 개최,https://www.deu.ac.kr/www/boardview/3/102,2015.07.10
84,단축근무 및 집중휴가 안내,https://www.deu.ac.kr/www/boardview/3/101,2015.06.25
83,2015학년도  Food Chemistry Camp,https://www.deu.ac.kr/www/boardview/3/100,2015.06.24
82,스마트 의료?헬스케어 산업 글로벌 브랜드 육성 사업단(RIS) 기업지원 ...  ,https://www.deu.ac.kr/www/boardview/3/99,2015.06.16
81,차량 통제 안내 (2015년 6월 16일(화)),https://www.deu.ac.kr/www/boardview/3/98,2015.06.15
80,"정전예고 안내 (가야캠퍼스, 2015. 7.25.(토))",https://www.deu.ac.kr/www/boardview/3/97,2015.06.11
79,2015년도 대학창업동아리지원사업 안내(부산테크노파크)  ,https://www.deu.ac.kr/www/boardview/3/96,2015.06.10
78,재학생입영연기자를 위한 병역이행 안내문,https://www.deu.ac.kr/www/boardview/3/94,2015.06.08
77,무선 인터넷(Wi-Fi) 서비스 중지 안내[2015.06.09.(화)],https://www.deu.ac.kr/www/boardview/3/93,2015.06.05
76,2015 동의대학교 재학생 학습과정 실태 설문조사 ,https://www.deu.ac.kr/www/boardview/3/92,2015.06.03
75,"중동호흡기증후군 신고의무, 행동요령 안내  ",https://www.deu.ac.kr/www/boardview/3/91,2015.06.03
74,해양플랜트 국제공인 품질전문가 양성 사업  ,https://www.deu.ac.kr/www/boardview/3/88,2015.06.01
73,눈 건강 캠페인 행사 안내,https://www.deu.ac.kr/www/boardview/3/87,2015.05.28
72,[One Click] 5~6월 학생교육활동 지원 프로그램 안내 ,https://www.deu.ac.kr/www/boardview/3/86,2015.05.28
71,2015학년도 하계방학 『동의지천 모둠 학습컨설팅』신청 안내  ,https://www.deu.ac.kr/www/boardview/3/85,2015.05.26
70,부산영어방송 (영화로 영어 배우기) 공개방송,https://www.deu.ac.kr/www/boardview/3/83,2015.05.20
69,대학원생을 위한 '연구윤리학습시스템' 이벤트,https://www.deu.ac.kr/www/boardview/3/82,2015.05.18
68,2015학년도 1학기 등록금 분할4차 납부 안내,https://www.deu.ac.kr/www/boardview/3/79,2015.05.12
67,차문화 아카데미 '내마음의 차',https://www.deu.ac.kr/www/boardview/3/77,2015.05.11
66,소방종합정밀점검 안내  ,https://www.deu.ac.kr/www/boardview/3/76,2015.05.07
65,제31회 전국 고교생 백일장 개최  ,https://www.deu.ac.kr/www/boardview/3/75,2015.04.29
64,구강건강캠페인 안내,https://www.deu.ac.kr/www/boardview/3/74,2015.04.24
63,유스호스텔 ISIC국제학생증 제휴 무료발급행사 ,https://www.deu.ac.kr/www/boardview/3/73,2015.04.24
62,ICT 공과대학 제2회 취업·인턴박람회  ,https://www.deu.ac.kr/www/boardview/3/72,2015.04.21
61,차량 통제 안내 (2015년 4월 30일),https://www.deu.ac.kr/www/boardview/3/71,2015.04.21
60,SW테스트 전문가 양성교육 및 CSTS 자격검증  ,https://www.deu.ac.kr/www/boardview/3/70,2015.04.21
59,입학사정관과 함께 꿈·끼 다지기/ Go-Care 그룹멘토링 프로그램  ,https://www.deu.ac.kr/www/boardview/3/69,2015.04.21
58,가산초등학교 일원(본교 정문옆 하천일대) 하계 수해예방공사,https://www.deu.ac.kr/www/boardview/3/68,2015.04.21
57,제1회 좋은 수업 에세이 공모전  ,https://www.deu.ac.kr/www/boardview/3/67,2015.04.15
56,2015년 동의대학교 “안전점검의 날” 시행 안내,https://www.deu.ac.kr/www/boardview/3/66,2015.04.15
55,2015학년도 1학기 등록금 분할3차 납부 안내 ,https://www.deu.ac.kr/www/boardview/3/65,2015.04.14
54,가산초등학교 일원(본교 정문옆 하천일대) 하계 수해예방공사,https://www.deu.ac.kr/www/boardview/3/64,2015.04.14
53,2015학년도 1학기 학사일정 변경 통보  ,https://www.deu.ac.kr/www/boardview/3/63,2015.04.10
52,동의대학교 교수초빙공고  ,https://www.deu.ac.kr/www/boardview/3/62,2015.04.10
51,[필독] 교내 IP주소 변경 관련 네트워크(인터넷) IP주소 차단 안내  ,https://www.deu.ac.kr/www/boardview/3/61,2015.04.09
50,차선통제[2015.04.08(목)] 안내(행복기숙사신축공사현장 주변(중앙...,https://www.deu.ac.kr/www/boardview/3/60,2015.04.09
49,제 31대 총학생회 출범식 관련 차량통제 협조 요청,https://www.deu.ac.kr/www/boardview/3/57,2015.04.06
48,2015학년도 1학기 집단상담 프로그램 안내 ,https://www.deu.ac.kr/www/boardview/3/56,2015.04.03
47,ICT 공과대학 제2회 취업·인턴박람회  ,https://www.deu.ac.kr/www/boardview/3/55,2015.04.03
46,2015 동의대학교 학생홍보대사 최종 합격자 발표,https://www.deu.ac.kr/www/boardview/3/54,2015.04.01
45,제30회 동의가족 이웃사랑 헌혈릴레이 개최안내,https://www.deu.ac.kr/www/boardview/3/53,2015.04.01
44,[One Click] 3-4월 학생교육활동 지원 프로그램 안내,https://www.deu.ac.kr/www/boardview/3/52,2015.04.01
43,승강기 정기점검 안내{2015.04.02(목)~03(금)},https://www.deu.ac.kr/www/boardview/3/51,2015.04.01
42,2015 동의대학교 학생홍보대사 1차 서류전형 합격자 발표,https://www.deu.ac.kr/www/boardview/3/50,2015.03.30
41,예비군 훈련공고,https://www.deu.ac.kr/www/boardview/3/49,2015.03.27
40,학교 감염병 예방관리 안내,https://www.deu.ac.kr/www/boardview/3/48,2015.03.23
39,자궁경부암 예방접종 신청안내,https://www.deu.ac.kr/www/boardview/3/47,2015.03.23
38,대학생들의 금융사기 피해예방을 위한 안내  ,https://www.deu.ac.kr/www/boardview/3/45,2015.03.19
37,동의대학교(롯데체크카드) 다기능학생증 2차 신청,https://www.deu.ac.kr/www/boardview/3/44,2015.03.17
36,2015학년도 1학기 등록금 분할2차 납부 안내,https://www.deu.ac.kr/www/boardview/3/43,2015.03.17
35,"무료 취업교육 교내설명회(3/24, 유진인재개발원)",https://www.deu.ac.kr/www/boardview/3/41,2015.03.16
34,가산초등학교 일원(본교 정문옆 하천 일대) 재해예방공사,https://www.deu.ac.kr/www/boardview/3/40,2015.03.16
33,"미국 California State University, Sacramen...",https://www.deu.ac.kr/www/boardview/3/39,2015.03.16
32,11번가 『동의대학교 희망식탁』 캠페인 행사 안내,https://www.deu.ac.kr/www/boardview/3/38,2015.03.16
31,'11번가 희망날개 캠페인' 참여 안내  ,https://www.deu.ac.kr/www/boardview/3/37,2015.03.13
30,미주개발은행 채용설명회  ,https://www.deu.ac.kr/www/boardview/3/35,2015.03.10
29,2015 상반기 공채대비 주요기업 직무적성검사 집중교육&모의테스트 실시 ,https://www.deu.ac.kr/www/boardview/3/34,2015.03.09
28,2015년 캐나다워킹홀리데이 비자 준비세미나,https://www.deu.ac.kr/www/boardview/3/33,2015.03.09
27,동의대 예술영재교육원 교수 기부 '신춘음악회',https://www.deu.ac.kr/www/boardview/3/32,2015.03.06
26,드림 스타트업 인큐베이터 연계사업 안내   ,https://www.deu.ac.kr/www/boardview/3/31,2015.03.05
25,다기능학생증(롯데체크카드)  신청 방법 ,https://www.deu.ac.kr/www/boardview/3/30,2015.03.04
24,2015학년도 상시진로지도시스템 설명회,https://www.deu.ac.kr/www/boardview/3/29,2015.03.03
23,재학생입영연기자를 위한 병역이행 안내문,https://www.deu.ac.kr/www/boardview/3/28,2015.03.03
22,차량통제 안내 {2015.03.09.(월)} ,https://www.deu.ac.kr/www/boardview/3/27,2015.03.03
21,e-학습포트폴리오 개발 지원 안내   ,https://www.deu.ac.kr/www/boardview/3/25,2015.03.02
20,교내 주차단속 안내,https://www.deu.ac.kr/www/boardview/3/24,2015.02.25
19,1학년 수강신청안내,https://www.deu.ac.kr/www/boardview/3/23,2015.02.23
18,산학연계형 현장실습에 관한 설문조사,https://www.deu.ac.kr/www/boardview/3/22,2015.02.17
17,시외통학버스 탑승장소 및 시간 안내,https://www.deu.ac.kr/www/boardview/3/21,2015.02.17
16,"2015학년도 입학식 관련 차량통제 안내{2015.02.25.(수),02...",https://www.deu.ac.kr/www/boardview/3/20,2015.02.17
15,2014학년도 학위 수여식 관련 차량통제 안내{2015.02.23.(월)...,https://www.deu.ac.kr/www/boardview/3/17,2015.02.11
14,취업역량마일리지 장학금 확대 시행 안내  ,https://www.deu.ac.kr/www/boardview/3/16,2015.02.10
13,2015학년도 1학기 차량번호인식(LPR) 시스템 신청 안내  ,https://www.deu.ac.kr/www/boardview/3/15,2015.02.09
12,2015학년도 1학기 등록금 납부 안내,https://www.deu.ac.kr/www/boardview/3/14,2015.02.05
11,2015학년도 신입생 입학식 및 오리엔테이션 행사일정,https://www.deu.ac.kr/www/boardview/3/13,2015.02.04
10,동의대학교 스마트의료산업활성화사업단 수혜기업 워크숍 및 사업 발전 포럼 ...  ,https://www.deu.ac.kr/www/boardview/3/12,2015.02.04
9,[음향학연구소 개소 기념]무료청각 검사 실시,https://www.deu.ac.kr/www/boardview/3/11,2015.02.02
8,신입생을 위한 기초어학능력 배양을 위한 동영상 강의 제공 안내,https://www.deu.ac.kr/www/boardview/3/10,2015.01.29
7,개정 학칙 공포  ,https://www.deu.ac.kr/www/boardview/3/9,2015.01.28
6,인터넷 서비스 중지 안내 (1/28(수)) ,https://www.deu.ac.kr/www/boardview/3/8,2015.01.27
5,시외 통학버스 신청 및 운행 안내,https://www.deu.ac.kr/www/boardview/3/7,2015.01.26
4,2014학년도 전기 학위수여식 일정 안내,https://www.deu.ac.kr/www/boardview/3/6,2015.01.23
3,학생 학습역량/진로 및 심리상담/취?창업지원 프로그램 운영,https://www.deu.ac.kr/www/boardview/3/5,2015.01.16
2,드림 스타트업 인큐베이터 3D프린팅 활용 창업교육,https://www.deu.ac.kr/www/boardview/3/2,2015.01.07
1,한국문화유산과 함께하는 한패션 전시회,https://www.deu.ac.kr/www/boardview/3/1,2015.01.07
